language_pair,count,acc_mean,acc_std,acc_norm_mean,acc_norm_std
am_to_ar,45,0.4222,0.4995,0.3778,0.4903
am_to_bg,45,0.4444,0.5025,0.4222,0.4995
am_to_bn,45,0.2667,0.4472,0.4,0.4954
am_to_bs,45,0.4444,0.5025,0.2889,0.4584
am_to_cs,45,0.4,0.4954,0.3556,0.4841
am_to_cy,45,0.2667,0.4472,0.2889,0.4584
am_to_da,45,0.3556,0.4841,0.3778,0.4903
am_to_de,45,0.5333,0.5045,0.4667,0.5045
am_to_el,45,0.4444,0.5025,0.4222,0.4995
am_to_en,45,0.4444,0.5025,0.4444,0.5025
am_to_es,45,0.4222,0.4995,0.4889,0.5055
am_to_et,45,0.2444,0.4346,0.2889,0.4584
am_to_fa,45,0.3556,0.4841,0.3111,0.4682
am_to_fi,45,0.4667,0.5045,0.3556,0.4841
am_to_fr,45,0.5333,0.5045,0.2889,0.4584
am_to_ga,45,0.2667,0.4472,0.2667,0.4472
am_to_he,45,0.3111,0.4682,0.3556,0.4841
am_to_hi,45,0.3333,0.4767,0.2667,0.4472
am_to_hr,45,0.2889,0.4584,0.3556,0.4841
am_to_hu,45,0.2889,0.4584,0.3111,0.4682
am_to_id,45,0.4,0.4954,0.4,0.4954
am_to_is,45,0.2222,0.4204,0.4,0.4954
am_to_it,45,0.4,0.4954,0.4,0.4954
am_to_ja,45,0.4667,0.5045,0.2,0.4045
am_to_ka,45,0.3111,0.4682,0.2889,0.4584
am_to_ko,45,0.3778,0.4903,0.3111,0.4682
am_to_lt,45,0.3778,0.4903,0.3778,0.4903
am_to_lv,45,0.5333,0.5045,0.3556,0.4841
am_to_ms,45,0.4222,0.4995,0.4222,0.4995
am_to_mt,45,0.4,0.4954,0.2889,0.4584
am_to_nl,45,0.3556,0.4841,0.3778,0.4903
am_to_no,45,0.4222,0.4995,0.4889,0.5055
am_to_pl,45,0.4,0.4954,0.3111,0.4682
am_to_pt,45,0.4444,0.5025,0.4667,0.5045
am_to_ro,45,0.3778,0.4903,0.4,0.4954
am_to_ru,45,0.4444,0.5025,0.3778,0.4903
am_to_sk,45,0.3111,0.4682,0.3778,0.4903
am_to_sl,45,0.3556,0.4841,0.4667,0.5045
am_to_sr,45,0.4,0.4954,0.3556,0.4841
am_to_sv,45,0.4,0.4954,0.6222,0.4903
am_to_sw,45,0.3556,0.4841,0.3111,0.4682
am_to_ta,45,0.2444,0.4346,0.3111,0.4682
am_to_th,45,0.5556,0.5025,0.3333,0.4767
am_to_tl,45,0.4,0.4954,0.2667,0.4472
am_to_tr,45,0.4444,0.5025,0.3778,0.4903
am_to_uk,45,0.5333,0.5045,0.3333,0.4767
am_to_uz,45,0.2222,0.4204,0.3556,0.4841
am_to_vi,45,0.2444,0.4346,0.3556,0.4841
am_to_zh,45,0.3556,0.4841,0.4889,0.5055
ar_to_am,45,0.2667,0.4472,0.2,0.4045
ar_to_bg,45,0.4222,0.4995,0.5333,0.5045
ar_to_bn,45,0.4,0.4954,0.4889,0.5055
ar_to_bs,45,0.3111,0.4682,0.2444,0.4346
ar_to_cs,45,0.5556,0.5025,0.4889,0.5055
ar_to_cy,45,0.0889,0.2878,0.2222,0.4204
ar_to_da,45,0.4444,0.5025,0.4889,0.5055
ar_to_de,45,0.3778,0.4903,0.3556,0.4841
ar_to_el,45,0.4889,0.5055,0.5333,0.5045
ar_to_en,45,0.5333,0.5045,0.5333,0.5045
ar_to_es,45,0.4222,0.4995,0.3778,0.4903
ar_to_et,45,0.4667,0.5045,0.3333,0.4767
ar_to_fa,45,0.3778,0.4903,0.4222,0.4995
ar_to_fi,45,0.3333,0.4767,0.3111,0.4682
ar_to_fr,45,0.5333,0.5045,0.5778,0.4995
ar_to_ga,45,0.2444,0.4346,0.1778,0.3866
ar_to_he,45,0.3556,0.4841,0.3333,0.4767
ar_to_hi,45,0.2889,0.4584,0.4,0.4954
ar_to_hr,45,0.2,0.4045,0.2889,0.4584
ar_to_hu,45,0.3333,0.4767,0.2889,0.4584
ar_to_id,45,0.4667,0.5045,0.3556,0.4841
ar_to_is,45,0.3111,0.4682,0.2,0.4045
ar_to_it,45,0.4667,0.5045,0.3556,0.4841
ar_to_ja,45,0.3111,0.4682,0.3778,0.4903
ar_to_ka,45,0.3111,0.4682,0.2444,0.4346
ar_to_ko,45,0.4667,0.5045,0.3778,0.4903
ar_to_lt,45,0.2667,0.4472,0.3333,0.4767
ar_to_lv,45,0.4,0.4954,0.4667,0.5045
ar_to_ms,45,0.4889,0.5055,0.3778,0.4903
ar_to_mt,45,0.2889,0.4584,0.2667,0.4472
ar_to_nl,45,0.4,0.4954,0.3333,0.4767
ar_to_no,45,0.4667,0.5045,0.3111,0.4682
ar_to_pl,45,0.5556,0.5025,0.3333,0.4767
ar_to_pt,45,0.4667,0.5045,0.4667,0.5045
ar_to_ro,45,0.4889,0.5055,0.4444,0.5025
ar_to_ru,45,0.4444,0.5025,0.4889,0.5055
ar_to_sk,45,0.5333,0.5045,0.2444,0.4346
ar_to_sl,45,0.3333,0.4767,0.4222,0.4995
ar_to_sr,45,0.3556,0.4841,0.2889,0.4584
ar_to_sv,45,0.4222,0.4995,0.3556,0.4841
ar_to_sw,45,0.3111,0.4682,0.2667,0.4472
ar_to_ta,45,0.3556,0.4841,0.3556,0.4841
ar_to_th,45,0.4667,0.5045,0.4444,0.5025
ar_to_tl,45,0.3111,0.4682,0.3111,0.4682
ar_to_tr,45,0.4222,0.4995,0.4444,0.5025
ar_to_uk,45,0.2889,0.4584,0.3111,0.4682
ar_to_uz,45,0.4,0.4954,0.3556,0.4841
ar_to_vi,45,0.4444,0.5025,0.4889,0.5055
ar_to_zh,45,0.5556,0.5025,0.4444,0.5025
bg_to_am,45,0.4,0.4954,0.1556,0.3665
bg_to_ar,45,0.2,0.4045,0.3778,0.4903
bg_to_bn,45,0.4222,0.4995,0.4444,0.5025
bg_to_bs,45,0.4222,0.4995,0.3778,0.4903
bg_to_cs,45,0.4667,0.5045,0.4889,0.5055
bg_to_cy,45,0.3333,0.4767,0.2222,0.4204
bg_to_da,45,0.3556,0.4841,0.3778,0.4903
bg_to_de,45,0.4222,0.4995,0.4667,0.5045
bg_to_el,45,0.4444,0.5025,0.4444,0.5025
bg_to_en,45,0.4889,0.5055,0.5778,0.4995
bg_to_es,45,0.4222,0.4995,0.4444,0.5025
bg_to_et,45,0.2889,0.4584,0.4,0.4954
bg_to_fa,45,0.3556,0.4841,0.3556,0.4841
bg_to_fi,45,0.3778,0.4903,0.5111,0.5055
bg_to_fr,45,0.4222,0.4995,0.4222,0.4995
bg_to_ga,45,0.3111,0.4682,0.2667,0.4472
bg_to_he,45,0.4222,0.4995,0.4889,0.5055
bg_to_hi,45,0.4444,0.5025,0.5333,0.5045
bg_to_hr,45,0.3556,0.4841,0.3556,0.4841
bg_to_hu,45,0.5111,0.5055,0.4889,0.5055
bg_to_id,45,0.4222,0.4995,0.4667,0.5045
bg_to_is,45,0.4,0.4954,0.3333,0.4767
bg_to_it,45,0.3778,0.4903,0.4444,0.5025
bg_to_ja,45,0.4222,0.4995,0.3556,0.4841
bg_to_ka,45,0.4222,0.4995,0.3778,0.4903
bg_to_ko,45,0.4,0.4954,0.2,0.4045
bg_to_lt,45,0.4,0.4954,0.3333,0.4767
bg_to_lv,45,0.3556,0.4841,0.3333,0.4767
bg_to_ms,45,0.4222,0.4995,0.3111,0.4682
bg_to_mt,45,0.3556,0.4841,0.2444,0.4346
bg_to_nl,45,0.5333,0.5045,0.4667,0.5045
bg_to_no,45,0.3778,0.4903,0.4,0.4954
bg_to_pl,45,0.4667,0.5045,0.4889,0.5055
bg_to_pt,45,0.4222,0.4995,0.3333,0.4767
bg_to_ro,45,0.3556,0.4841,0.3333,0.4767
bg_to_ru,45,0.4667,0.5045,0.5333,0.5045
bg_to_sk,45,0.3778,0.4903,0.2667,0.4472
bg_to_sl,45,0.3556,0.4841,0.3778,0.4903
bg_to_sr,45,0.2667,0.4472,0.2889,0.4584
bg_to_sv,45,0.3333,0.4767,0.3778,0.4903
bg_to_sw,45,0.4889,0.5055,0.3111,0.4682
bg_to_ta,45,0.3333,0.4767,0.3778,0.4903
bg_to_th,45,0.2889,0.4584,0.2889,0.4584
bg_to_tl,45,0.4,0.4954,0.4222,0.4995
bg_to_tr,45,0.3333,0.4767,0.3333,0.4767
bg_to_uk,45,0.4,0.4954,0.3556,0.4841
bg_to_uz,45,0.2667,0.4472,0.2222,0.4204
bg_to_vi,45,0.2222,0.4204,0.3778,0.4903
bg_to_zh,45,0.4222,0.4995,0.4667,0.5045
bn_to_am,45,0.4444,0.5025,0.1556,0.3665
bn_to_ar,45,0.2667,0.4472,0.2667,0.4472
bn_to_bg,45,0.4,0.4954,0.4444,0.5025
bn_to_bs,45,0.3111,0.4682,0.3111,0.4682
bn_to_cs,45,0.2667,0.4472,0.3111,0.4682
bn_to_cy,45,0.3111,0.4682,0.3778,0.4903
bn_to_da,45,0.4222,0.4995,0.5556,0.5025
bn_to_de,45,0.4667,0.5045,0.4667,0.5045
bn_to_el,45,0.5333,0.5045,0.4,0.4954
bn_to_en,45,0.5556,0.5025,0.4667,0.5045
bn_to_es,45,0.5556,0.5025,0.4889,0.5055
bn_to_et,45,0.2667,0.4472,0.3111,0.4682
bn_to_fa,45,0.3333,0.4767,0.3778,0.4903
bn_to_fi,45,0.3778,0.4903,0.3556,0.4841
bn_to_fr,45,0.2889,0.4584,0.3778,0.4903
bn_to_ga,45,0.2889,0.4584,0.2889,0.4584
bn_to_he,45,0.4222,0.4995,0.4,0.4954
bn_to_hi,45,0.4667,0.5045,0.4667,0.5045
bn_to_hr,45,0.2889,0.4584,0.3556,0.4841
bn_to_hu,45,0.3556,0.4841,0.4222,0.4995
bn_to_id,45,0.3111,0.4682,0.4222,0.4995
bn_to_is,45,0.3333,0.4767,0.3333,0.4767
bn_to_it,45,0.4444,0.5025,0.4444,0.5025
bn_to_ja,45,0.4889,0.5055,0.3111,0.4682
bn_to_ka,45,0.4,0.4954,0.2667,0.4472
bn_to_ko,45,0.3778,0.4903,0.3778,0.4903
bn_to_lt,45,0.4222,0.4995,0.3778,0.4903
bn_to_lv,45,0.3111,0.4682,0.2889,0.4584
bn_to_ms,45,0.4222,0.4995,0.5333,0.5045
bn_to_mt,45,0.4222,0.4995,0.5111,0.5055
bn_to_nl,45,0.5556,0.5025,0.5111,0.5055
bn_to_no,45,0.4444,0.5025,0.4222,0.4995
bn_to_pl,45,0.4889,0.5055,0.3333,0.4767
bn_to_pt,45,0.5111,0.5055,0.5556,0.5025
bn_to_ro,45,0.4222,0.4995,0.4889,0.5055
bn_to_ru,45,0.4222,0.4995,0.4889,0.5055
bn_to_sk,45,0.3111,0.4682,0.4667,0.5045
bn_to_sl,45,0.3333,0.4767,0.2444,0.4346
bn_to_sr,45,0.3111,0.4682,0.2222,0.4204
bn_to_sv,45,0.4222,0.4995,0.5111,0.5055
bn_to_sw,45,0.3556,0.4841,0.2,0.4045
bn_to_ta,45,0.2889,0.4584,0.4,0.4954
bn_to_th,45,0.5556,0.5025,0.4667,0.5045
bn_to_tl,45,0.3556,0.4841,0.3111,0.4682
bn_to_tr,45,0.3333,0.4767,0.4222,0.4995
bn_to_uk,45,0.4444,0.5025,0.2889,0.4584
bn_to_uz,45,0.3778,0.4903,0.3111,0.4682
bn_to_vi,45,0.4222,0.4995,0.4222,0.4995
bn_to_zh,45,0.4667,0.5045,0.4889,0.5055
bs_to_am,45,0.4222,0.4995,0.3556,0.4841
bs_to_ar,45,0.4444,0.5025,0.2889,0.4584
bs_to_bg,45,0.4444,0.5025,0.4,0.4954
bs_to_bn,45,0.4889,0.5055,0.3778,0.4903
bs_to_cs,45,0.5111,0.5055,0.3778,0.4903
bs_to_cy,45,0.1778,0.3866,0.2444,0.4346
bs_to_da,45,0.4444,0.5025,0.5111,0.5055
bs_to_de,45,0.4222,0.4995,0.4,0.4954
bs_to_el,45,0.3556,0.4841,0.4444,0.5025
bs_to_en,45,0.5111,0.5055,0.4889,0.5055
bs_to_es,45,0.4222,0.4995,0.4667,0.5045
bs_to_et,45,0.2444,0.4346,0.3556,0.4841
bs_to_fa,45,0.3556,0.4841,0.4,0.4954
bs_to_fi,45,0.4444,0.5025,0.4,0.4954
bs_to_fr,45,0.4444,0.5025,0.4222,0.4995
bs_to_ga,45,0.2667,0.4472,0.2444,0.4346
bs_to_he,45,0.4,0.4954,0.4222,0.4995
bs_to_hi,45,0.3778,0.4903,0.5111,0.5055
bs_to_hr,45,0.4444,0.5025,0.4222,0.4995
bs_to_hu,45,0.2667,0.4472,0.4,0.4954
bs_to_id,45,0.5111,0.5055,0.4444,0.5025
bs_to_is,45,0.2889,0.4584,0.2222,0.4204
bs_to_it,45,0.4889,0.5055,0.4444,0.5025
bs_to_ja,45,0.4,0.4954,0.1778,0.3866
bs_to_ka,45,0.3556,0.4841,0.2889,0.4584
bs_to_ko,45,0.4889,0.5055,0.3556,0.4841
bs_to_lt,45,0.4,0.4954,0.4222,0.4995
bs_to_lv,45,0.3111,0.4682,0.4,0.4954
bs_to_ms,45,0.3778,0.4903,0.4444,0.5025
bs_to_mt,45,0.4,0.4954,0.3778,0.4903
bs_to_nl,45,0.3778,0.4903,0.4667,0.5045
bs_to_no,45,0.3111,0.4682,0.3778,0.4903
bs_to_pl,45,0.4222,0.4995,0.4222,0.4995
bs_to_pt,45,0.3333,0.4767,0.4444,0.5025
bs_to_ro,45,0.3778,0.4903,0.2667,0.4472
bs_to_ru,45,0.3556,0.4841,0.3778,0.4903
bs_to_sk,45,0.4,0.4954,0.3333,0.4767
bs_to_sl,45,0.4444,0.5025,0.2889,0.4584
bs_to_sr,45,0.4,0.4954,0.4889,0.5055
bs_to_sv,45,0.5111,0.5055,0.4,0.4954
bs_to_sw,45,0.3333,0.4767,0.3778,0.4903
bs_to_ta,45,0.4,0.4954,0.2667,0.4472
bs_to_th,45,0.4667,0.5045,0.4444,0.5025
bs_to_tl,45,0.2667,0.4472,0.3556,0.4841
bs_to_tr,45,0.4667,0.5045,0.3778,0.4903
bs_to_uk,45,0.4222,0.4995,0.4667,0.5045
bs_to_uz,45,0.4,0.4954,0.2889,0.4584
bs_to_vi,45,0.2889,0.4584,0.3778,0.4903
bs_to_zh,45,0.4444,0.5025,0.3556,0.4841
cs_to_am,45,0.2667,0.4472,0.1778,0.3866
cs_to_ar,45,0.3333,0.4767,0.4222,0.4995
cs_to_bg,45,0.3778,0.4903,0.3333,0.4767
cs_to_bn,45,0.4444,0.5025,0.4,0.4954
cs_to_bs,45,0.4222,0.4995,0.3778,0.4903
cs_to_cy,45,0.3111,0.4682,0.2444,0.4346
cs_to_da,45,0.2222,0.4204,0.3333,0.4767
cs_to_de,45,0.4444,0.5025,0.3111,0.4682
cs_to_el,45,0.5111,0.5055,0.3111,0.4682
cs_to_en,45,0.5111,0.5055,0.5111,0.5055
cs_to_es,45,0.5111,0.5055,0.3778,0.4903
cs_to_et,45,0.3111,0.4682,0.3333,0.4767
cs_to_fa,45,0.4222,0.4995,0.4222,0.4995
cs_to_fi,45,0.4667,0.5045,0.3111,0.4682
cs_to_fr,45,0.4222,0.4995,0.4,0.4954
cs_to_ga,45,0.3556,0.4841,0.3111,0.4682
cs_to_he,45,0.3778,0.4903,0.4,0.4954
cs_to_hi,45,0.3111,0.4682,0.4,0.4954
cs_to_hr,45,0.3556,0.4841,0.3333,0.4767
cs_to_hu,45,0.4,0.4954,0.3111,0.4682
cs_to_id,45,0.4667,0.5045,0.5111,0.5055
cs_to_is,45,0.3778,0.4903,0.2889,0.4584
cs_to_it,45,0.3333,0.4767,0.2667,0.4472
cs_to_ja,45,0.4222,0.4995,0.2222,0.4204
cs_to_ka,45,0.2889,0.4584,0.3111,0.4682
cs_to_ko,45,0.5333,0.5045,0.2889,0.4584
cs_to_lt,45,0.2889,0.4584,0.3333,0.4767
cs_to_lv,45,0.4222,0.4995,0.3778,0.4903
cs_to_ms,45,0.4222,0.4995,0.6,0.4954
cs_to_mt,45,0.4222,0.4995,0.3556,0.4841
cs_to_nl,45,0.4889,0.5055,0.3333,0.4767
cs_to_no,45,0.3333,0.4767,0.2889,0.4584
cs_to_pl,45,0.3778,0.4903,0.2889,0.4584
cs_to_pt,45,0.4667,0.5045,0.3778,0.4903
cs_to_ro,45,0.2889,0.4584,0.4667,0.5045
cs_to_ru,45,0.5556,0.5025,0.4667,0.5045
cs_to_sk,45,0.3556,0.4841,0.2444,0.4346
cs_to_sl,45,0.3778,0.4903,0.3556,0.4841
cs_to_sr,45,0.5111,0.5055,0.3333,0.4767
cs_to_sv,45,0.4667,0.5045,0.4889,0.5055
cs_to_sw,45,0.2222,0.4204,0.2667,0.4472
cs_to_ta,45,0.3556,0.4841,0.3333,0.4767
cs_to_th,45,0.3111,0.4682,0.4,0.4954
cs_to_tl,45,0.3778,0.4903,0.3778,0.4903
cs_to_tr,45,0.3333,0.4767,0.4444,0.5025
cs_to_uk,45,0.4889,0.5055,0.3556,0.4841
cs_to_uz,45,0.3778,0.4903,0.3333,0.4767
cs_to_vi,45,0.4222,0.4995,0.2444,0.4346
cs_to_zh,45,0.6,0.4954,0.4889,0.5055
cy_to_am,45,0.3333,0.4767,0.1556,0.3665
cy_to_ar,45,0.3556,0.4841,0.2889,0.4584
cy_to_bg,45,0.3556,0.4841,0.2889,0.4584
cy_to_bn,45,0.4,0.4954,0.3333,0.4767
cy_to_bs,45,0.3111,0.4682,0.2667,0.4472
cy_to_cs,45,0.3778,0.4903,0.4222,0.4995
cy_to_da,45,0.2667,0.4472,0.4,0.4954
cy_to_de,45,0.4222,0.4995,0.4,0.4954
cy_to_el,45,0.5778,0.4995,0.3111,0.4682
cy_to_en,45,0.5111,0.5055,0.4222,0.4995
cy_to_es,45,0.5333,0.5045,0.3778,0.4903
cy_to_et,45,0.3556,0.4841,0.2,0.4045
cy_to_fa,45,0.3333,0.4767,0.3111,0.4682
cy_to_fi,45,0.3556,0.4841,0.2444,0.4346
cy_to_fr,45,0.3111,0.4682,0.4,0.4954
cy_to_ga,45,0.3333,0.4767,0.2444,0.4346
cy_to_he,45,0.4,0.4954,0.3111,0.4682
cy_to_hi,45,0.4667,0.5045,0.6,0.4954
cy_to_hr,45,0.4667,0.5045,0.3556,0.4841
cy_to_hu,45,0.4667,0.5045,0.3111,0.4682
cy_to_id,45,0.4889,0.5055,0.5111,0.5055
cy_to_is,45,0.3111,0.4682,0.3556,0.4841
cy_to_it,45,0.4667,0.5045,0.3778,0.4903
cy_to_ja,45,0.3111,0.4682,0.3333,0.4767
cy_to_ka,45,0.4444,0.5025,0.4222,0.4995
cy_to_ko,45,0.3778,0.4903,0.3333,0.4767
cy_to_lt,45,0.4444,0.5025,0.3556,0.4841
cy_to_lv,45,0.3556,0.4841,0.4889,0.5055
cy_to_ms,45,0.4667,0.5045,0.3556,0.4841
cy_to_mt,45,0.1556,0.3665,0.3333,0.4767
cy_to_nl,45,0.4222,0.4995,0.2667,0.4472
cy_to_no,45,0.5111,0.5055,0.4444,0.5025
cy_to_pl,45,0.3111,0.4682,0.4444,0.5025
cy_to_pt,45,0.4889,0.5055,0.4,0.4954
cy_to_ro,45,0.3111,0.4682,0.3556,0.4841
cy_to_ru,45,0.2889,0.4584,0.3556,0.4841
cy_to_sk,45,0.3778,0.4903,0.2667,0.4472
cy_to_sl,45,0.3333,0.4767,0.3333,0.4767
cy_to_sr,45,0.4,0.4954,0.3778,0.4903
cy_to_sv,45,0.3778,0.4903,0.5111,0.5055
cy_to_sw,45,0.3333,0.4767,0.3333,0.4767
cy_to_ta,45,0.4222,0.4995,0.2667,0.4472
cy_to_th,45,0.4222,0.4995,0.4222,0.4995
cy_to_tl,45,0.3778,0.4903,0.3111,0.4682
cy_to_tr,45,0.5333,0.5045,0.5111,0.5055
cy_to_uk,45,0.4222,0.4995,0.4889,0.5055
cy_to_uz,45,0.4889,0.5055,0.2444,0.4346
cy_to_vi,45,0.3778,0.4903,0.4667,0.5045
cy_to_zh,45,0.3778,0.4903,0.5556,0.5025
da_to_am,45,0.4667,0.5045,0.2444,0.4346
da_to_ar,45,0.4,0.4954,0.3778,0.4903
da_to_bg,45,0.4,0.4954,0.3556,0.4841
da_to_bn,45,0.3778,0.4903,0.3778,0.4903
da_to_bs,45,0.3333,0.4767,0.4222,0.4995
da_to_cs,45,0.5556,0.5025,0.5556,0.5025
da_to_cy,45,0.3333,0.4767,0.3111,0.4682
da_to_de,45,0.3333,0.4767,0.5111,0.5055
da_to_el,45,0.2889,0.4584,0.4,0.4954
da_to_en,45,0.4889,0.5055,0.4667,0.5045
da_to_es,45,0.4222,0.4995,0.5333,0.5045
da_to_et,45,0.5333,0.5045,0.4667,0.5045
da_to_fa,45,0.4444,0.5025,0.4889,0.5055
da_to_fi,45,0.4222,0.4995,0.4,0.4954
da_to_fr,45,0.3333,0.4767,0.4,0.4954
da_to_ga,45,0.3333,0.4767,0.2889,0.4584
da_to_he,45,0.3556,0.4841,0.2889,0.4584
da_to_hi,45,0.4889,0.5055,0.3778,0.4903
da_to_hr,45,0.3778,0.4903,0.3333,0.4767
da_to_hu,45,0.4,0.4954,0.5111,0.5055
da_to_id,45,0.4889,0.5055,0.4667,0.5045
da_to_is,45,0.4,0.4954,0.4,0.4954
da_to_it,45,0.3556,0.4841,0.4444,0.5025
da_to_ja,45,0.4,0.4954,0.2667,0.4472
da_to_ka,45,0.2,0.4045,0.3556,0.4841
da_to_ko,45,0.3556,0.4841,0.4222,0.4995
da_to_lt,45,0.3778,0.4903,0.4222,0.4995
da_to_lv,45,0.3556,0.4841,0.4222,0.4995
da_to_ms,45,0.3333,0.4767,0.4,0.4954
da_to_mt,45,0.3333,0.4767,0.3333,0.4767
da_to_nl,45,0.4444,0.5025,0.5111,0.5055
da_to_no,45,0.4,0.4954,0.4,0.4954
da_to_pl,45,0.2444,0.4346,0.3778,0.4903
da_to_pt,45,0.4667,0.5045,0.4667,0.5045
da_to_ro,45,0.4444,0.5025,0.4667,0.5045
da_to_ru,45,0.5111,0.5055,0.4222,0.4995
da_to_sk,45,0.3333,0.4767,0.3778,0.4903
da_to_sl,45,0.4667,0.5045,0.5111,0.5055
da_to_sr,45,0.2444,0.4346,0.2667,0.4472
da_to_sv,45,0.4,0.4954,0.4222,0.4995
da_to_sw,45,0.2889,0.4584,0.2444,0.4346
da_to_ta,45,0.4444,0.5025,0.5556,0.5025
da_to_th,45,0.3556,0.4841,0.4,0.4954
da_to_tl,45,0.3778,0.4903,0.3778,0.4903
da_to_tr,45,0.3778,0.4903,0.3778,0.4903
da_to_uk,45,0.4889,0.5055,0.3333,0.4767
da_to_uz,45,0.4444,0.5025,0.3333,0.4767
da_to_vi,45,0.1556,0.3665,0.2667,0.4472
da_to_zh,45,0.4,0.4954,0.3778,0.4903
de_to_am,45,0.2889,0.4584,0.1111,0.3178
de_to_ar,45,0.2667,0.4472,0.4444,0.5025
de_to_bg,45,0.4667,0.5045,0.3111,0.4682
de_to_bn,45,0.3778,0.4903,0.3556,0.4841
de_to_bs,45,0.4222,0.4995,0.3556,0.4841
de_to_cs,45,0.5778,0.4995,0.4222,0.4995
de_to_cy,45,0.2,0.4045,0.1556,0.3665
de_to_da,45,0.4444,0.5025,0.4222,0.4995
de_to_el,45,0.4444,0.5025,0.4667,0.5045
de_to_en,45,0.5111,0.5055,0.4444,0.5025
de_to_es,45,0.5111,0.5055,0.5333,0.5045
de_to_et,45,0.4,0.4954,0.3333,0.4767
de_to_fa,45,0.4889,0.5055,0.3333,0.4767
de_to_fi,45,0.2667,0.4472,0.3778,0.4903
de_to_fr,45,0.5111,0.5055,0.4,0.4954
de_to_ga,45,0.3111,0.4682,0.3778,0.4903
de_to_he,45,0.3778,0.4903,0.4889,0.5055
de_to_hi,45,0.3333,0.4767,0.3778,0.4903
de_to_hr,45,0.5111,0.5055,0.5111,0.5055
de_to_hu,45,0.5333,0.5045,0.4667,0.5045
de_to_id,45,0.4667,0.5045,0.5111,0.5055
de_to_is,45,0.3333,0.4767,0.2667,0.4472
de_to_it,45,0.3556,0.4841,0.3333,0.4767
de_to_ja,45,0.4,0.4954,0.4667,0.5045
de_to_ka,45,0.4667,0.5045,0.3333,0.4767
de_to_ko,45,0.5556,0.5025,0.3778,0.4903
de_to_lt,45,0.3556,0.4841,0.3333,0.4767
de_to_lv,45,0.3111,0.4682,0.3333,0.4767
de_to_ms,45,0.5111,0.5055,0.4667,0.5045
de_to_mt,45,0.2889,0.4584,0.2444,0.4346
de_to_nl,45,0.3333,0.4767,0.3556,0.4841
de_to_no,45,0.4444,0.5025,0.2222,0.4204
de_to_pl,45,0.3333,0.4767,0.4889,0.5055
de_to_pt,45,0.4667,0.5045,0.4444,0.5025
de_to_ro,45,0.3778,0.4903,0.4667,0.5045
de_to_ru,45,0.5111,0.5055,0.5111,0.5055
de_to_sk,45,0.3778,0.4903,0.3556,0.4841
de_to_sl,45,0.4,0.4954,0.3556,0.4841
de_to_sr,45,0.3778,0.4903,0.3556,0.4841
de_to_sv,45,0.4444,0.5025,0.3778,0.4903
de_to_sw,45,0.3333,0.4767,0.2889,0.4584
de_to_ta,45,0.3111,0.4682,0.3556,0.4841
de_to_th,45,0.4667,0.5045,0.4444,0.5025
de_to_tl,45,0.2,0.4045,0.2,0.4045
de_to_tr,45,0.4,0.4954,0.3556,0.4841
de_to_uk,45,0.5111,0.5055,0.5111,0.5055
de_to_uz,45,0.3333,0.4767,0.3111,0.4682
de_to_vi,45,0.3111,0.4682,0.3556,0.4841
de_to_zh,45,0.5333,0.5045,0.4,0.4954
el_to_am,45,0.2444,0.4346,0.2667,0.4472
el_to_ar,45,0.4222,0.4995,0.3111,0.4682
el_to_bg,45,0.3333,0.4767,0.4,0.4954
el_to_bn,45,0.3778,0.4903,0.3333,0.4767
el_to_bs,45,0.4,0.4954,0.3556,0.4841
el_to_cs,45,0.3333,0.4767,0.4889,0.5055
el_to_cy,45,0.3111,0.4682,0.2889,0.4584
el_to_da,45,0.4667,0.5045,0.4222,0.4995
el_to_de,45,0.4667,0.5045,0.3778,0.4903
el_to_en,45,0.4667,0.5045,0.4222,0.4995
el_to_es,45,0.5111,0.5055,0.3778,0.4903
el_to_et,45,0.2667,0.4472,0.3556,0.4841
el_to_fa,45,0.3333,0.4767,0.3333,0.4767
el_to_fi,45,0.4,0.4954,0.3111,0.4682
el_to_fr,45,0.5556,0.5025,0.4889,0.5055
el_to_ga,45,0.3111,0.4682,0.2667,0.4472
el_to_he,45,0.3111,0.4682,0.2,0.4045
el_to_hi,45,0.4667,0.5045,0.3333,0.4767
el_to_hr,45,0.3111,0.4682,0.2222,0.4204
el_to_hu,45,0.4444,0.5025,0.2889,0.4584
el_to_id,45,0.3333,0.4767,0.4444,0.5025
el_to_is,45,0.2444,0.4346,0.2889,0.4584
el_to_it,45,0.4,0.4954,0.5556,0.5025
el_to_ja,45,0.5556,0.5025,0.3111,0.4682
el_to_ka,45,0.2222,0.4204,0.2444,0.4346
el_to_ko,45,0.4667,0.5045,0.3778,0.4903
el_to_lt,45,0.3778,0.4903,0.4889,0.5055
el_to_lv,45,0.3111,0.4682,0.2667,0.4472
el_to_ms,45,0.3556,0.4841,0.2889,0.4584
el_to_mt,45,0.3556,0.4841,0.3333,0.4767
el_to_nl,45,0.4222,0.4995,0.4889,0.5055
el_to_no,45,0.4,0.4954,0.3111,0.4682
el_to_pl,45,0.3556,0.4841,0.3333,0.4767
el_to_pt,45,0.3778,0.4903,0.3556,0.4841
el_to_ro,45,0.3556,0.4841,0.3333,0.4767
el_to_ru,45,0.5111,0.5055,0.4444,0.5025
el_to_sk,45,0.3333,0.4767,0.3556,0.4841
el_to_sl,45,0.3778,0.4903,0.2889,0.4584
el_to_sr,45,0.3556,0.4841,0.3333,0.4767
el_to_sv,45,0.3333,0.4767,0.3778,0.4903
el_to_sw,45,0.4,0.4954,0.4444,0.5025
el_to_ta,45,0.4222,0.4995,0.3333,0.4767
el_to_th,45,0.3556,0.4841,0.4889,0.5055
el_to_tl,45,0.4667,0.5045,0.4667,0.5045
el_to_tr,45,0.2667,0.4472,0.4444,0.5025
el_to_uk,45,0.4,0.4954,0.4,0.4954
el_to_uz,45,0.3778,0.4903,0.2667,0.4472
el_to_vi,45,0.2889,0.4584,0.2667,0.4472
el_to_zh,45,0.3778,0.4903,0.4444,0.5025
en_to_am,858,0.31,0.4628,0.2261,0.4186
en_to_ar,858,0.4429,0.497,0.4732,0.4996
en_to_bg,858,0.4592,0.4986,0.4953,0.5003
en_to_bn,858,0.4569,0.4984,0.4848,0.5001
en_to_bs,858,0.4382,0.4965,0.4709,0.4994
en_to_cs,858,0.4522,0.498,0.4965,0.5003
en_to_cy,858,0.3147,0.4647,0.2984,0.4578
en_to_da,858,0.4907,0.5002,0.5303,0.4994
en_to_de,858,0.5548,0.4973,0.5653,0.496
en_to_el,858,0.472,0.4995,0.4476,0.4975
en_to_en,4432,0.6825,0.4655,0.6961,0.46
en_to_es,858,0.5746,0.4947,0.5909,0.492
en_to_et,858,0.3392,0.4737,0.3578,0.4796
en_to_fa,858,0.4347,0.496,0.4662,0.4991
en_to_fi,858,0.4907,0.5002,0.465,0.4991
en_to_fr,858,0.4953,0.5003,0.5245,0.4997
en_to_ga,858,0.3275,0.4696,0.3124,0.4637
en_to_he,858,0.4161,0.4932,0.4779,0.4998
en_to_hi,858,0.4755,0.4997,0.4977,0.5003
en_to_hr,858,0.4242,0.4945,0.4907,0.5002
en_to_hu,858,0.3998,0.4901,0.4417,0.4969
en_to_id,858,0.5303,0.4994,0.5629,0.4963
en_to_is,858,0.3345,0.4721,0.345,0.4756
en_to_it,858,0.5256,0.4996,0.5944,0.4913
en_to_ja,858,0.5641,0.4962,0.4825,0.5
en_to_ka,858,0.3205,0.4669,0.3217,0.4674
en_to_ko,858,0.5117,0.5002,0.528,0.4995
en_to_lt,858,0.3485,0.4768,0.3998,0.4901
en_to_lv,858,0.3228,0.4678,0.3531,0.4782
en_to_ms,858,0.4755,0.4997,0.4977,0.5003
en_to_mt,858,0.3543,0.4786,0.38,0.4857
en_to_nl,858,0.4953,0.5003,0.5501,0.4978
en_to_no,858,0.5303,0.4994,0.5478,0.498
en_to_pl,858,0.4814,0.4999,0.4953,0.5003
en_to_pt,858,0.5152,0.5001,0.5303,0.4994
en_to_ro,858,0.4767,0.4997,0.5082,0.5002
en_to_ru,858,0.5,0.5003,0.5,0.5003
en_to_sk,858,0.4487,0.4977,0.4802,0.4999
en_to_sl,858,0.3928,0.4887,0.4324,0.4957
en_to_sr,858,0.4254,0.4947,0.4231,0.4943
en_to_sv,858,0.4883,0.5002,0.4895,0.5002
en_to_sw,858,0.3951,0.4892,0.3648,0.4817
en_to_ta,858,0.3904,0.4881,0.4196,0.4938
en_to_th,858,0.4988,0.5003,0.5163,0.5
en_to_tl,858,0.3998,0.4901,0.4406,0.4967
en_to_tr,858,0.4592,0.4986,0.4837,0.5
en_to_uk,858,0.472,0.4995,0.4883,0.5002
en_to_uz,858,0.3858,0.4871,0.3613,0.4807
en_to_vi,858,0.3718,0.4836,0.4207,0.494
en_to_zh,858,0.5734,0.4949,0.5326,0.4992
es_to_am,45,0.3111,0.4682,0.2667,0.4472
es_to_ar,45,0.3111,0.4682,0.4,0.4954
es_to_bg,45,0.4,0.4954,0.3556,0.4841
es_to_bn,45,0.3111,0.4682,0.3556,0.4841
es_to_bs,45,0.4222,0.4995,0.4444,0.5025
es_to_cs,45,0.4667,0.5045,0.4,0.4954
es_to_cy,45,0.4222,0.4995,0.3333,0.4767
es_to_da,45,0.3333,0.4767,0.4444,0.5025
es_to_de,45,0.4444,0.5025,0.4222,0.4995
es_to_el,45,0.3778,0.4903,0.3778,0.4903
es_to_en,45,0.6,0.4954,0.6667,0.4767
es_to_et,45,0.2444,0.4346,0.2222,0.4204
es_to_fa,45,0.2889,0.4584,0.3333,0.4767
es_to_fi,45,0.2667,0.4472,0.3333,0.4767
es_to_fr,45,0.4444,0.5025,0.3778,0.4903
es_to_ga,45,0.4222,0.4995,0.2889,0.4584
es_to_he,45,0.4889,0.5055,0.3556,0.4841
es_to_hi,45,0.4,0.4954,0.3556,0.4841
es_to_hr,45,0.3778,0.4903,0.4,0.4954
es_to_hu,45,0.4444,0.5025,0.4667,0.5045
es_to_id,45,0.5111,0.5055,0.6,0.4954
es_to_is,45,0.4222,0.4995,0.4,0.4954
es_to_it,45,0.5333,0.5045,0.4222,0.4995
es_to_ja,45,0.3778,0.4903,0.4444,0.5025
es_to_ka,45,0.3333,0.4767,0.2889,0.4584
es_to_ko,45,0.4889,0.5055,0.4667,0.5045
es_to_lt,45,0.3778,0.4903,0.4,0.4954
es_to_lv,45,0.2444,0.4346,0.4667,0.5045
es_to_ms,45,0.3111,0.4682,0.4889,0.5055
es_to_mt,45,0.2889,0.4584,0.4,0.4954
es_to_nl,45,0.4667,0.5045,0.5333,0.5045
es_to_no,45,0.4,0.4954,0.4222,0.4995
es_to_pl,45,0.4,0.4954,0.5111,0.5055
es_to_pt,45,0.4,0.4954,0.3111,0.4682
es_to_ro,45,0.5111,0.5055,0.4667,0.5045
es_to_ru,45,0.4667,0.5045,0.5111,0.5055
es_to_sk,45,0.3111,0.4682,0.4667,0.5045
es_to_sl,45,0.2667,0.4472,0.3111,0.4682
es_to_sr,45,0.3556,0.4841,0.2667,0.4472
es_to_sv,45,0.4667,0.5045,0.3778,0.4903
es_to_sw,45,0.2889,0.4584,0.2222,0.4204
es_to_ta,45,0.3333,0.4767,0.4,0.4954
es_to_th,45,0.3778,0.4903,0.2444,0.4346
es_to_tl,45,0.4,0.4954,0.4,0.4954
es_to_tr,45,0.5111,0.5055,0.4444,0.5025
es_to_uk,45,0.3778,0.4903,0.3778,0.4903
es_to_uz,45,0.3778,0.4903,0.3111,0.4682
es_to_vi,45,0.2889,0.4584,0.4667,0.5045
es_to_zh,45,0.4889,0.5055,0.3111,0.4682
et_to_am,45,0.2444,0.4346,0.1556,0.3665
et_to_ar,45,0.3333,0.4767,0.2222,0.4204
et_to_bg,45,0.4222,0.4995,0.4222,0.4995
et_to_bn,45,0.3556,0.4841,0.3111,0.4682
et_to_bs,45,0.4444,0.5025,0.3778,0.4903
et_to_cs,45,0.4,0.4954,0.4222,0.4995
et_to_cy,45,0.2667,0.4472,0.3778,0.4903
et_to_da,45,0.3778,0.4903,0.3111,0.4682
et_to_de,45,0.4,0.4954,0.2667,0.4472
et_to_el,45,0.3333,0.4767,0.3111,0.4682
et_to_en,45,0.3778,0.4903,0.4444,0.5025
et_to_es,45,0.5778,0.4995,0.4,0.4954
et_to_fa,45,0.3111,0.4682,0.2222,0.4204
et_to_fi,45,0.4222,0.4995,0.4222,0.4995
et_to_fr,45,0.4889,0.5055,0.4222,0.4995
et_to_ga,45,0.4,0.4954,0.2444,0.4346
et_to_he,45,0.3111,0.4682,0.3333,0.4767
et_to_hi,45,0.3556,0.4841,0.4,0.4954
et_to_hr,45,0.3556,0.4841,0.4667,0.5045
et_to_hu,45,0.4222,0.4995,0.3556,0.4841
et_to_id,45,0.3333,0.4767,0.4889,0.5055
et_to_is,45,0.2667,0.4472,0.2667,0.4472
et_to_it,45,0.4444,0.5025,0.3778,0.4903
et_to_ja,45,0.4,0.4954,0.3111,0.4682
et_to_ka,45,0.3778,0.4903,0.3778,0.4903
et_to_ko,45,0.4889,0.5055,0.3556,0.4841
et_to_lt,45,0.3556,0.4841,0.3333,0.4767
et_to_lv,45,0.3333,0.4767,0.2667,0.4472
et_to_ms,45,0.4444,0.5025,0.4889,0.5055
et_to_mt,45,0.3556,0.4841,0.2,0.4045
et_to_nl,45,0.4444,0.5025,0.4444,0.5025
et_to_no,45,0.4,0.4954,0.4889,0.5055
et_to_pl,45,0.3778,0.4903,0.4222,0.4995
et_to_pt,45,0.4889,0.5055,0.4,0.4954
et_to_ro,45,0.2667,0.4472,0.3333,0.4767
et_to_ru,45,0.4444,0.5025,0.4667,0.5045
et_to_sk,45,0.4222,0.4995,0.3333,0.4767
et_to_sl,45,0.4889,0.5055,0.3778,0.4903
et_to_sr,45,0.3333,0.4767,0.3111,0.4682
et_to_sv,45,0.3778,0.4903,0.3333,0.4767
et_to_sw,45,0.4222,0.4995,0.2667,0.4472
et_to_ta,45,0.3111,0.4682,0.3778,0.4903
et_to_th,45,0.4444,0.5025,0.3333,0.4767
et_to_tl,45,0.2667,0.4472,0.2667,0.4472
et_to_tr,45,0.3111,0.4682,0.3556,0.4841
et_to_uk,45,0.4222,0.4995,0.3111,0.4682
et_to_uz,45,0.2667,0.4472,0.4,0.4954
et_to_vi,45,0.2667,0.4472,0.4222,0.4995
et_to_zh,45,0.4667,0.5045,0.4444,0.5025
fa_to_am,45,0.2,0.4045,0.1333,0.3438
fa_to_ar,45,0.4222,0.4995,0.3778,0.4903
fa_to_bg,45,0.4667,0.5045,0.3111,0.4682
fa_to_bn,45,0.4222,0.4995,0.4889,0.5055
fa_to_bs,45,0.4,0.4954,0.4222,0.4995
fa_to_cs,45,0.4222,0.4995,0.3333,0.4767
fa_to_cy,45,0.2667,0.4472,0.2444,0.4346
fa_to_da,45,0.4,0.4954,0.4444,0.5025
fa_to_de,45,0.5111,0.5055,0.4444,0.5025
fa_to_el,45,0.3778,0.4903,0.3111,0.4682
fa_to_en,45,0.6222,0.4903,0.4889,0.5055
fa_to_es,45,0.5333,0.5045,0.5111,0.5055
fa_to_et,45,0.2889,0.4584,0.3111,0.4682
fa_to_fi,45,0.3333,0.4767,0.3556,0.4841
fa_to_fr,45,0.3556,0.4841,0.3556,0.4841
fa_to_ga,45,0.4,0.4954,0.2,0.4045
fa_to_he,45,0.4444,0.5025,0.3778,0.4903
fa_to_hi,45,0.2667,0.4472,0.3556,0.4841
fa_to_hr,45,0.4,0.4954,0.3111,0.4682
fa_to_hu,45,0.4,0.4954,0.2889,0.4584
fa_to_id,45,0.4889,0.5055,0.4,0.4954
fa_to_is,45,0.3778,0.4903,0.2444,0.4346
fa_to_it,45,0.4667,0.5045,0.2889,0.4584
fa_to_ja,45,0.3333,0.4767,0.3111,0.4682
fa_to_ka,45,0.3111,0.4682,0.3556,0.4841
fa_to_ko,45,0.4889,0.5055,0.3778,0.4903
fa_to_lt,45,0.2444,0.4346,0.2222,0.4204
fa_to_lv,45,0.3111,0.4682,0.2444,0.4346
fa_to_ms,45,0.4,0.4954,0.3556,0.4841
fa_to_mt,45,0.2444,0.4346,0.4,0.4954
fa_to_nl,45,0.3778,0.4903,0.3111,0.4682
fa_to_no,45,0.4,0.4954,0.4222,0.4995
fa_to_pl,45,0.4,0.4954,0.4,0.4954
fa_to_pt,45,0.4444,0.5025,0.3556,0.4841
fa_to_ro,45,0.4,0.4954,0.3556,0.4841
fa_to_ru,45,0.4889,0.5055,0.4889,0.5055
fa_to_sk,45,0.3333,0.4767,0.3778,0.4903
fa_to_sl,45,0.4,0.4954,0.3111,0.4682
fa_to_sr,45,0.2222,0.4204,0.4222,0.4995
fa_to_sv,45,0.3778,0.4903,0.3778,0.4903
fa_to_sw,45,0.3111,0.4682,0.2889,0.4584
fa_to_ta,45,0.3111,0.4682,0.3333,0.4767
fa_to_th,45,0.4222,0.4995,0.3333,0.4767
fa_to_tl,45,0.4,0.4954,0.3333,0.4767
fa_to_tr,45,0.4444,0.5025,0.3778,0.4903
fa_to_uk,45,0.4667,0.5045,0.3778,0.4903
fa_to_uz,45,0.2889,0.4584,0.3778,0.4903
fa_to_vi,45,0.3778,0.4903,0.2667,0.4472
fa_to_zh,45,0.4889,0.5055,0.4444,0.5025
fi_to_am,45,0.3111,0.4682,0.1333,0.3438
fi_to_ar,45,0.4,0.4954,0.3111,0.4682
fi_to_bg,45,0.5333,0.5045,0.4889,0.5055
fi_to_bn,45,0.2667,0.4472,0.1778,0.3866
fi_to_bs,45,0.2889,0.4584,0.2667,0.4472
fi_to_cs,45,0.3556,0.4841,0.5111,0.5055
fi_to_cy,45,0.3778,0.4903,0.4889,0.5055
fi_to_da,45,0.4,0.4954,0.3111,0.4682
fi_to_de,45,0.5111,0.5055,0.3333,0.4767
fi_to_el,45,0.3556,0.4841,0.3111,0.4682
fi_to_en,45,0.5333,0.5045,0.5778,0.4995
fi_to_es,45,0.5111,0.5055,0.5333,0.5045
fi_to_et,45,0.3111,0.4682,0.3778,0.4903
fi_to_fa,45,0.4,0.4954,0.4,0.4954
fi_to_fr,45,0.4667,0.5045,0.2889,0.4584
fi_to_ga,45,0.3111,0.4682,0.2889,0.4584
fi_to_he,45,0.4667,0.5045,0.4444,0.5025
fi_to_hi,45,0.2667,0.4472,0.2889,0.4584
fi_to_hr,45,0.3111,0.4682,0.2889,0.4584
fi_to_hu,45,0.3778,0.4903,0.3556,0.4841
fi_to_id,45,0.3556,0.4841,0.5333,0.5045
fi_to_is,45,0.2444,0.4346,0.2222,0.4204
fi_to_it,45,0.4444,0.5025,0.5111,0.5055
fi_to_ja,45,0.5333,0.5045,0.3778,0.4903
fi_to_ka,45,0.2889,0.4584,0.4,0.4954
fi_to_ko,45,0.4,0.4954,0.1111,0.3178
fi_to_lt,45,0.3111,0.4682,0.3556,0.4841
fi_to_lv,45,0.2667,0.4472,0.3556,0.4841
fi_to_ms,45,0.4889,0.5055,0.5556,0.5025
fi_to_mt,45,0.2889,0.4584,0.2889,0.4584
fi_to_nl,45,0.3778,0.4903,0.2667,0.4472
fi_to_no,45,0.3778,0.4903,0.4,0.4954
fi_to_pl,45,0.3333,0.4767,0.4889,0.5055
fi_to_pt,45,0.4,0.4954,0.4222,0.4995
fi_to_ro,45,0.4444,0.5025,0.4667,0.5045
fi_to_ru,45,0.4222,0.4995,0.3778,0.4903
fi_to_sk,45,0.3556,0.4841,0.3778,0.4903
fi_to_sl,45,0.3111,0.4682,0.3556,0.4841
fi_to_sr,45,0.3778,0.4903,0.3333,0.4767
fi_to_sv,45,0.3778,0.4903,0.4667,0.5045
fi_to_sw,45,0.3333,0.4767,0.2667,0.4472
fi_to_ta,45,0.2889,0.4584,0.4222,0.4995
fi_to_th,45,0.2889,0.4584,0.3333,0.4767
fi_to_tl,45,0.3111,0.4682,0.2889,0.4584
fi_to_tr,45,0.5556,0.5025,0.4444,0.5025
fi_to_uk,45,0.3333,0.4767,0.2889,0.4584
fi_to_uz,45,0.4667,0.5045,0.2889,0.4584
fi_to_vi,45,0.3556,0.4841,0.2667,0.4472
fi_to_zh,45,0.4889,0.5055,0.2889,0.4584
fr_to_am,45,0.3778,0.4903,0.1111,0.3178
fr_to_ar,45,0.3556,0.4841,0.2667,0.4472
fr_to_bg,45,0.5556,0.5025,0.4889,0.5055
fr_to_bn,45,0.4667,0.5045,0.4889,0.5055
fr_to_bs,45,0.4222,0.4995,0.4,0.4954
fr_to_cs,45,0.4444,0.5025,0.5333,0.5045
fr_to_cy,45,0.2222,0.4204,0.3111,0.4682
fr_to_da,45,0.2,0.4045,0.2667,0.4472
fr_to_de,45,0.4,0.4954,0.6444,0.4841
fr_to_el,45,0.4889,0.5055,0.2889,0.4584
fr_to_en,45,0.6889,0.4682,0.5556,0.5025
fr_to_es,45,0.5333,0.5045,0.4,0.4954
fr_to_et,45,0.3333,0.4767,0.3111,0.4682
fr_to_fa,45,0.4222,0.4995,0.3778,0.4903
fr_to_fi,45,0.4444,0.5025,0.4667,0.5045
fr_to_ga,45,0.2889,0.4584,0.3111,0.4682
fr_to_he,45,0.3778,0.4903,0.2222,0.4204
fr_to_hi,45,0.5778,0.4995,0.4222,0.4995
fr_to_hr,45,0.4667,0.5045,0.4444,0.5025
fr_to_hu,45,0.2889,0.4584,0.3111,0.4682
fr_to_id,45,0.5111,0.5055,0.4889,0.5055
fr_to_is,45,0.3111,0.4682,0.3111,0.4682
fr_to_it,45,0.3556,0.4841,0.5111,0.5055
fr_to_ja,45,0.5111,0.5055,0.3778,0.4903
fr_to_ka,45,0.3778,0.4903,0.2889,0.4584
fr_to_ko,45,0.5556,0.5025,0.4889,0.5055
fr_to_lt,45,0.4222,0.4995,0.3111,0.4682
fr_to_lv,45,0.3556,0.4841,0.3333,0.4767
fr_to_ms,45,0.5111,0.5055,0.4,0.4954
fr_to_mt,45,0.2889,0.4584,0.2,0.4045
fr_to_nl,45,0.5111,0.5055,0.4667,0.5045
fr_to_no,45,0.4444,0.5025,0.4889,0.5055
fr_to_pl,45,0.5333,0.5045,0.5111,0.5055
fr_to_pt,45,0.6,0.4954,0.4667,0.5045
fr_to_ro,45,0.4444,0.5025,0.4,0.4954
fr_to_ru,45,0.5333,0.5045,0.4889,0.5055
fr_to_sk,45,0.3778,0.4903,0.4222,0.4995
fr_to_sl,45,0.4222,0.4995,0.5111,0.5055
fr_to_sr,45,0.3333,0.4767,0.3556,0.4841
fr_to_sv,45,0.4444,0.5025,0.4222,0.4995
fr_to_sw,45,0.4444,0.5025,0.3778,0.4903
fr_to_ta,45,0.4,0.4954,0.4667,0.5045
fr_to_th,45,0.4222,0.4995,0.5111,0.5055
fr_to_tl,45,0.3333,0.4767,0.4667,0.5045
fr_to_tr,45,0.3111,0.4682,0.4889,0.5055
fr_to_uk,45,0.3778,0.4903,0.4444,0.5025
fr_to_uz,45,0.3333,0.4767,0.2667,0.4472
fr_to_vi,45,0.3111,0.4682,0.4,0.4954
fr_to_zh,45,0.4667,0.5045,0.4889,0.5055
ga_to_am,45,0.2889,0.4584,0.2222,0.4204
ga_to_ar,45,0.2667,0.4472,0.3111,0.4682
ga_to_bg,45,0.4,0.4954,0.3111,0.4682
ga_to_bn,45,0.4222,0.4995,0.3333,0.4767
ga_to_bs,45,0.4,0.4954,0.3778,0.4903
ga_to_cs,45,0.3556,0.4841,0.3556,0.4841
ga_to_cy,45,0.3111,0.4682,0.2889,0.4584
ga_to_da,45,0.2889,0.4584,0.2222,0.4204
ga_to_de,45,0.4444,0.5025,0.5556,0.5025
ga_to_el,45,0.3778,0.4903,0.4222,0.4995
ga_to_en,45,0.2889,0.4584,0.4667,0.5045
ga_to_es,45,0.4,0.4954,0.5111,0.5055
ga_to_et,45,0.4889,0.5055,0.4444,0.5025
ga_to_fa,45,0.2889,0.4584,0.3778,0.4903
ga_to_fi,45,0.3111,0.4682,0.2444,0.4346
ga_to_fr,45,0.3778,0.4903,0.4444,0.5025
ga_to_he,45,0.4222,0.4995,0.3111,0.4682
ga_to_hi,45,0.3778,0.4903,0.2889,0.4584
ga_to_hr,45,0.5333,0.5045,0.3556,0.4841
ga_to_hu,45,0.4,0.4954,0.4667,0.5045
ga_to_id,45,0.4667,0.5045,0.3333,0.4767
ga_to_is,45,0.3333,0.4767,0.3111,0.4682
ga_to_it,45,0.5111,0.5055,0.4222,0.4995
ga_to_ja,45,0.4889,0.5055,0.2889,0.4584
ga_to_ka,45,0.2889,0.4584,0.3556,0.4841
ga_to_ko,45,0.3556,0.4841,0.2222,0.4204
ga_to_lt,45,0.3111,0.4682,0.3111,0.4682
ga_to_lv,45,0.2889,0.4584,0.3111,0.4682
ga_to_ms,45,0.3778,0.4903,0.4889,0.5055
ga_to_mt,45,0.3333,0.4767,0.2889,0.4584
ga_to_nl,45,0.4,0.4954,0.4667,0.5045
ga_to_no,45,0.3333,0.4767,0.4,0.4954
ga_to_pl,45,0.3111,0.4682,0.3778,0.4903
ga_to_pt,45,0.4,0.4954,0.3111,0.4682
ga_to_ro,45,0.2222,0.4204,0.2444,0.4346
ga_to_ru,45,0.5111,0.5055,0.2889,0.4584
ga_to_sk,45,0.3333,0.4767,0.4,0.4954
ga_to_sl,45,0.3333,0.4767,0.4444,0.5025
ga_to_sr,45,0.3333,0.4767,0.4,0.4954
ga_to_sv,45,0.3333,0.4767,0.3333,0.4767
ga_to_sw,45,0.4,0.4954,0.3111,0.4682
ga_to_ta,45,0.4444,0.5025,0.3333,0.4767
ga_to_th,45,0.3778,0.4903,0.3333,0.4767
ga_to_tl,45,0.3111,0.4682,0.4,0.4954
ga_to_tr,45,0.4,0.4954,0.3111,0.4682
ga_to_uk,45,0.4,0.4954,0.4222,0.4995
ga_to_uz,45,0.3778,0.4903,0.2222,0.4204
ga_to_vi,45,0.2889,0.4584,0.3556,0.4841
ga_to_zh,45,0.4444,0.5025,0.5111,0.5055
he_to_am,45,0.3333,0.4767,0.2444,0.4346
he_to_ar,45,0.4222,0.4995,0.4444,0.5025
he_to_bg,45,0.4,0.4954,0.2667,0.4472
he_to_bn,45,0.4,0.4954,0.5111,0.5055
he_to_bs,45,0.2889,0.4584,0.3778,0.4903
he_to_cs,45,0.3556,0.4841,0.3556,0.4841
he_to_cy,45,0.2889,0.4584,0.1778,0.3866
he_to_da,45,0.4444,0.5025,0.3333,0.4767
he_to_de,45,0.5111,0.5055,0.4667,0.5045
he_to_el,45,0.3111,0.4682,0.3111,0.4682
he_to_en,45,0.4667,0.5045,0.4222,0.4995
he_to_es,45,0.4222,0.4995,0.4444,0.5025
he_to_et,45,0.2889,0.4584,0.2444,0.4346
he_to_fa,45,0.3778,0.4903,0.3778,0.4903
he_to_fi,45,0.3556,0.4841,0.3556,0.4841
he_to_fr,45,0.4222,0.4995,0.4667,0.5045
he_to_ga,45,0.2,0.4045,0.2444,0.4346
he_to_hi,45,0.3333,0.4767,0.3111,0.4682
he_to_hr,45,0.3111,0.4682,0.4889,0.5055
he_to_hu,45,0.4222,0.4995,0.3778,0.4903
he_to_id,45,0.4889,0.5055,0.4,0.4954
he_to_is,45,0.2889,0.4584,0.2444,0.4346
he_to_it,45,0.4667,0.5045,0.5333,0.5045
he_to_ja,45,0.3778,0.4903,0.2667,0.4472
he_to_ka,45,0.3111,0.4682,0.3333,0.4767
he_to_ko,45,0.4222,0.4995,0.3778,0.4903
he_to_lt,45,0.3778,0.4903,0.4889,0.5055
he_to_lv,45,0.3556,0.4841,0.4,0.4954
he_to_ms,45,0.5333,0.5045,0.4667,0.5045
he_to_mt,45,0.3778,0.4903,0.2889,0.4584
he_to_nl,45,0.4889,0.5055,0.4,0.4954
he_to_no,45,0.3778,0.4903,0.3556,0.4841
he_to_pl,45,0.4,0.4954,0.3333,0.4767
he_to_pt,45,0.4667,0.5045,0.3556,0.4841
he_to_ro,45,0.5111,0.5055,0.5111,0.5055
he_to_ru,45,0.4222,0.4995,0.4667,0.5045
he_to_sk,45,0.4444,0.5025,0.3778,0.4903
he_to_sl,45,0.3333,0.4767,0.3778,0.4903
he_to_sr,45,0.4222,0.4995,0.4667,0.5045
he_to_sv,45,0.3778,0.4903,0.4,0.4954
he_to_sw,45,0.2222,0.4204,0.2,0.4045
he_to_ta,45,0.2889,0.4584,0.3111,0.4682
he_to_th,45,0.2444,0.4346,0.2889,0.4584
he_to_tl,45,0.4,0.4954,0.3556,0.4841
he_to_tr,45,0.3556,0.4841,0.3778,0.4903
he_to_uk,45,0.4222,0.4995,0.3333,0.4767
he_to_uz,45,0.3778,0.4903,0.4444,0.5025
he_to_vi,45,0.4667,0.5045,0.3778,0.4903
he_to_zh,45,0.3333,0.4767,0.4444,0.5025
hi_to_am,45,0.3778,0.4903,0.2444,0.4346
hi_to_ar,45,0.5111,0.5055,0.3111,0.4682
hi_to_bg,45,0.5111,0.5055,0.3556,0.4841
hi_to_bn,45,0.3556,0.4841,0.2889,0.4584
hi_to_bs,45,0.3556,0.4841,0.3111,0.4682
hi_to_cs,45,0.2667,0.4472,0.2444,0.4346
hi_to_cy,45,0.3778,0.4903,0.3778,0.4903
hi_to_da,45,0.4667,0.5045,0.4667,0.5045
hi_to_de,45,0.4889,0.5055,0.4222,0.4995
hi_to_el,45,0.4,0.4954,0.3556,0.4841
hi_to_en,45,0.4444,0.5025,0.4222,0.4995
hi_to_es,45,0.5333,0.5045,0.6222,0.4903
hi_to_et,45,0.2667,0.4472,0.2667,0.4472
hi_to_fa,45,0.4889,0.5055,0.5333,0.5045
hi_to_fi,45,0.3556,0.4841,0.2444,0.4346
hi_to_fr,45,0.4667,0.5045,0.4222,0.4995
hi_to_ga,45,0.4444,0.5025,0.2444,0.4346
hi_to_he,45,0.3111,0.4682,0.3111,0.4682
hi_to_hr,45,0.4,0.4954,0.2889,0.4584
hi_to_hu,45,0.4,0.4954,0.4667,0.5045
hi_to_id,45,0.3333,0.4767,0.4889,0.5055
hi_to_is,45,0.2667,0.4472,0.4,0.4954
hi_to_it,45,0.4889,0.5055,0.5111,0.5055
hi_to_ja,45,0.3778,0.4903,0.3556,0.4841
hi_to_ka,45,0.3556,0.4841,0.3778,0.4903
hi_to_ko,45,0.4667,0.5045,0.3111,0.4682
hi_to_lt,45,0.1333,0.3438,0.2889,0.4584
hi_to_lv,45,0.1778,0.3866,0.3556,0.4841
hi_to_ms,45,0.4222,0.4995,0.5111,0.5055
hi_to_mt,45,0.2889,0.4584,0.2889,0.4584
hi_to_nl,45,0.4889,0.5055,0.3778,0.4903
hi_to_no,45,0.4222,0.4995,0.3556,0.4841
hi_to_pl,45,0.4,0.4954,0.4,0.4954
hi_to_pt,45,0.4444,0.5025,0.5556,0.5025
hi_to_ro,45,0.3111,0.4682,0.3778,0.4903
hi_to_ru,45,0.4444,0.5025,0.4889,0.5055
hi_to_sk,45,0.5333,0.5045,0.4444,0.5025
hi_to_sl,45,0.4889,0.5055,0.4222,0.4995
hi_to_sr,45,0.3333,0.4767,0.4,0.4954
hi_to_sv,45,0.3778,0.4903,0.4222,0.4995
hi_to_sw,45,0.2222,0.4204,0.3111,0.4682
hi_to_ta,45,0.4,0.4954,0.3778,0.4903
hi_to_th,45,0.4,0.4954,0.4222,0.4995
hi_to_tl,45,0.3111,0.4682,0.3333,0.4767
hi_to_tr,45,0.4444,0.5025,0.3111,0.4682
hi_to_uk,45,0.3556,0.4841,0.4667,0.5045
hi_to_uz,45,0.3333,0.4767,0.4,0.4954
hi_to_vi,45,0.3333,0.4767,0.4222,0.4995
hi_to_zh,45,0.4222,0.4995,0.3333,0.4767
hr_to_am,45,0.2667,0.4472,0.1333,0.3438
hr_to_ar,45,0.3778,0.4903,0.4667,0.5045
hr_to_bg,45,0.5111,0.5055,0.3778,0.4903
hr_to_bn,45,0.5111,0.5055,0.3778,0.4903
hr_to_bs,45,0.4444,0.5025,0.2667,0.4472
hr_to_cs,45,0.4,0.4954,0.4222,0.4995
hr_to_cy,45,0.3556,0.4841,0.1778,0.3866
hr_to_da,45,0.3333,0.4767,0.3556,0.4841
hr_to_de,45,0.4222,0.4995,0.4444,0.5025
hr_to_el,45,0.3111,0.4682,0.3778,0.4903
hr_to_en,45,0.5333,0.5045,0.3778,0.4903
hr_to_es,45,0.5556,0.5025,0.5778,0.4995
hr_to_et,45,0.2444,0.4346,0.1556,0.3665
hr_to_fa,45,0.3778,0.4903,0.4,0.4954
hr_to_fi,45,0.4889,0.5055,0.4889,0.5055
hr_to_fr,45,0.4889,0.5055,0.3778,0.4903
hr_to_ga,45,0.2889,0.4584,0.3778,0.4903
hr_to_he,45,0.4222,0.4995,0.3556,0.4841
hr_to_hi,45,0.3778,0.4903,0.3556,0.4841
hr_to_hu,45,0.2444,0.4346,0.3556,0.4841
hr_to_id,45,0.4889,0.5055,0.5111,0.5055
hr_to_is,45,0.4,0.4954,0.4444,0.5025
hr_to_it,45,0.4889,0.5055,0.3556,0.4841
hr_to_ja,45,0.2444,0.4346,0.4222,0.4995
hr_to_ka,45,0.3333,0.4767,0.3111,0.4682
hr_to_ko,45,0.4667,0.5045,0.3556,0.4841
hr_to_lt,45,0.4667,0.5045,0.4889,0.5055
hr_to_lv,45,0.5111,0.5055,0.3778,0.4903
hr_to_ms,45,0.4,0.4954,0.3556,0.4841
hr_to_mt,45,0.3111,0.4682,0.2667,0.4472
hr_to_nl,45,0.4222,0.4995,0.4222,0.4995
hr_to_no,45,0.3111,0.4682,0.4444,0.5025
hr_to_pl,45,0.4,0.4954,0.4667,0.5045
hr_to_pt,45,0.4667,0.5045,0.4889,0.5055
hr_to_ro,45,0.4222,0.4995,0.3333,0.4767
hr_to_ru,45,0.3778,0.4903,0.3778,0.4903
hr_to_sk,45,0.3556,0.4841,0.5778,0.4995
hr_to_sl,45,0.3778,0.4903,0.2889,0.4584
hr_to_sr,45,0.4889,0.5055,0.4222,0.4995
hr_to_sv,45,0.3333,0.4767,0.3556,0.4841
hr_to_sw,45,0.4,0.4954,0.2667,0.4472
hr_to_ta,45,0.3556,0.4841,0.4222,0.4995
hr_to_th,45,0.5111,0.5055,0.4667,0.5045
hr_to_tl,45,0.4444,0.5025,0.3333,0.4767
hr_to_tr,45,0.3556,0.4841,0.4222,0.4995
hr_to_uk,45,0.3111,0.4682,0.3778,0.4903
hr_to_uz,45,0.4,0.4954,0.2667,0.4472
hr_to_vi,45,0.2222,0.4204,0.2667,0.4472
hr_to_zh,45,0.4,0.4954,0.3333,0.4767
hu_to_am,45,0.2667,0.4472,0.1778,0.3866
hu_to_ar,45,0.4889,0.5055,0.4,0.4954
hu_to_bg,45,0.4889,0.5055,0.4444,0.5025
hu_to_bn,45,0.3778,0.4903,0.2889,0.4584
hu_to_bs,45,0.4,0.4954,0.3778,0.4903
hu_to_cs,45,0.3778,0.4903,0.4222,0.4995
hu_to_cy,45,0.4,0.4954,0.2889,0.4584
hu_to_da,45,0.4889,0.5055,0.5556,0.5025
hu_to_de,45,0.3556,0.4841,0.3556,0.4841
hu_to_el,45,0.4667,0.5045,0.3778,0.4903
hu_to_en,45,0.5778,0.4995,0.4444,0.5025
hu_to_es,45,0.6444,0.4841,0.4444,0.5025
hu_to_et,45,0.2889,0.4584,0.3111,0.4682
hu_to_fa,45,0.2444,0.4346,0.3333,0.4767
hu_to_fi,45,0.4222,0.4995,0.3111,0.4682
hu_to_fr,45,0.3556,0.4841,0.4444,0.5025
hu_to_ga,45,0.2222,0.4204,0.3778,0.4903
hu_to_he,45,0.4222,0.4995,0.3333,0.4767
hu_to_hi,45,0.3778,0.4903,0.2444,0.4346
hu_to_hr,45,0.4,0.4954,0.5111,0.5055
hu_to_id,45,0.3333,0.4767,0.3778,0.4903
hu_to_is,45,0.4,0.4954,0.2667,0.4472
hu_to_it,45,0.5111,0.5055,0.3778,0.4903
hu_to_ja,45,0.4667,0.5045,0.3333,0.4767
hu_to_ka,45,0.3556,0.4841,0.3556,0.4841
hu_to_ko,45,0.2667,0.4472,0.3111,0.4682
hu_to_lt,45,0.3778,0.4903,0.3778,0.4903
hu_to_lv,45,0.5111,0.5055,0.4444,0.5025
hu_to_ms,45,0.4,0.4954,0.2889,0.4584
hu_to_mt,45,0.2889,0.4584,0.2222,0.4204
hu_to_nl,45,0.3333,0.4767,0.3111,0.4682
hu_to_no,45,0.4,0.4954,0.4,0.4954
hu_to_pl,45,0.4444,0.5025,0.4667,0.5045
hu_to_pt,45,0.5333,0.5045,0.4,0.4954
hu_to_ro,45,0.4889,0.5055,0.4,0.4954
hu_to_ru,45,0.4889,0.5055,0.4667,0.5045
hu_to_sk,45,0.4889,0.5055,0.3333,0.4767
hu_to_sl,45,0.3778,0.4903,0.3333,0.4767
hu_to_sr,45,0.3778,0.4903,0.3556,0.4841
hu_to_sv,45,0.3778,0.4903,0.4444,0.5025
hu_to_sw,45,0.3556,0.4841,0.3778,0.4903
hu_to_ta,45,0.3111,0.4682,0.3333,0.4767
hu_to_th,45,0.3556,0.4841,0.4,0.4954
hu_to_tl,45,0.2889,0.4584,0.3111,0.4682
hu_to_tr,45,0.4222,0.4995,0.4222,0.4995
hu_to_uk,45,0.4444,0.5025,0.4222,0.4995
hu_to_uz,45,0.3333,0.4767,0.3333,0.4767
hu_to_vi,45,0.3333,0.4767,0.4444,0.5025
hu_to_zh,45,0.4222,0.4995,0.2667,0.4472
id_to_am,45,0.2889,0.4584,0.1556,0.3665
id_to_ar,45,0.3111,0.4682,0.3111,0.4682
id_to_bg,45,0.2889,0.4584,0.4222,0.4995
id_to_bn,45,0.4444,0.5025,0.3778,0.4903
id_to_bs,45,0.3556,0.4841,0.3333,0.4767
id_to_cs,45,0.3111,0.4682,0.3778,0.4903
id_to_cy,45,0.3333,0.4767,0.2,0.4045
id_to_da,45,0.5556,0.5025,0.4,0.4954
id_to_de,45,0.4667,0.5045,0.4,0.4954
id_to_el,45,0.4222,0.4995,0.4222,0.4995
id_to_en,45,0.4,0.4954,0.5333,0.5045
id_to_es,45,0.4667,0.5045,0.4222,0.4995
id_to_et,45,0.4444,0.5025,0.2889,0.4584
id_to_fa,45,0.3333,0.4767,0.3111,0.4682
id_to_fi,45,0.4444,0.5025,0.3556,0.4841
id_to_fr,45,0.4,0.4954,0.3778,0.4903
id_to_ga,45,0.1556,0.3665,0.3111,0.4682
id_to_he,45,0.4,0.4954,0.3333,0.4767
id_to_hi,45,0.3556,0.4841,0.3111,0.4682
id_to_hr,45,0.3333,0.4767,0.1778,0.3866
id_to_hu,45,0.3333,0.4767,0.3556,0.4841
id_to_is,45,0.2444,0.4346,0.2,0.4045
id_to_it,45,0.5556,0.5025,0.4444,0.5025
id_to_ja,45,0.5111,0.5055,0.3556,0.4841
id_to_ka,45,0.3111,0.4682,0.2889,0.4584
id_to_ko,45,0.3556,0.4841,0.4444,0.5025
id_to_lt,45,0.3778,0.4903,0.3778,0.4903
id_to_lv,45,0.4444,0.5025,0.3333,0.4767
id_to_ms,45,0.3333,0.4767,0.2667,0.4472
id_to_mt,45,0.2,0.4045,0.2667,0.4472
id_to_nl,45,0.3556,0.4841,0.3333,0.4767
id_to_no,45,0.3556,0.4841,0.5333,0.5045
id_to_pl,45,0.4444,0.5025,0.4667,0.5045
id_to_pt,45,0.6889,0.4682,0.4222,0.4995
id_to_ro,45,0.4,0.4954,0.3333,0.4767
id_to_ru,45,0.3556,0.4841,0.3778,0.4903
id_to_sk,45,0.4,0.4954,0.2889,0.4584
id_to_sl,45,0.2667,0.4472,0.3778,0.4903
id_to_sr,45,0.4444,0.5025,0.4667,0.5045
id_to_sv,45,0.3556,0.4841,0.4,0.4954
id_to_sw,45,0.3556,0.4841,0.1778,0.3866
id_to_ta,45,0.3111,0.4682,0.3556,0.4841
id_to_th,45,0.3556,0.4841,0.3778,0.4903
id_to_tl,45,0.4667,0.5045,0.3111,0.4682
id_to_tr,45,0.5333,0.5045,0.3778,0.4903
id_to_uk,45,0.4667,0.5045,0.4222,0.4995
id_to_uz,45,0.4,0.4954,0.3111,0.4682
id_to_vi,45,0.1778,0.3866,0.3111,0.4682
id_to_zh,45,0.4222,0.4995,0.4,0.4954
is_to_am,45,0.3333,0.4767,0.2,0.4045
is_to_ar,45,0.2889,0.4584,0.3556,0.4841
is_to_bg,45,0.4222,0.4995,0.4,0.4954
is_to_bn,45,0.4222,0.4995,0.4667,0.5045
is_to_bs,45,0.4222,0.4995,0.4667,0.5045
is_to_cs,45,0.4,0.4954,0.4222,0.4995
is_to_cy,45,0.3111,0.4682,0.1556,0.3665
is_to_da,45,0.4222,0.4995,0.5778,0.4995
is_to_de,45,0.3333,0.4767,0.3111,0.4682
is_to_el,45,0.3778,0.4903,0.3333,0.4767
is_to_en,45,0.4667,0.5045,0.4222,0.4995
is_to_es,45,0.4444,0.5025,0.3111,0.4682
is_to_et,45,0.2889,0.4584,0.2889,0.4584
is_to_fa,45,0.4222,0.4995,0.5111,0.5055
is_to_fi,45,0.4667,0.5045,0.4222,0.4995
is_to_fr,45,0.4889,0.5055,0.4444,0.5025
is_to_ga,45,0.2667,0.4472,0.3556,0.4841
is_to_he,45,0.4222,0.4995,0.4444,0.5025
is_to_hi,45,0.2889,0.4584,0.3333,0.4767
is_to_hr,45,0.2667,0.4472,0.4222,0.4995
is_to_hu,45,0.4222,0.4995,0.4222,0.4995
is_to_id,45,0.2667,0.4472,0.3556,0.4841
is_to_it,45,0.3778,0.4903,0.4667,0.5045
is_to_ja,45,0.4444,0.5025,0.4667,0.5045
is_to_ka,45,0.3778,0.4903,0.3111,0.4682
is_to_ko,45,0.4,0.4954,0.3556,0.4841
is_to_lt,45,0.3333,0.4767,0.3333,0.4767
is_to_lv,45,0.3333,0.4767,0.3111,0.4682
is_to_ms,45,0.4889,0.5055,0.3778,0.4903
is_to_mt,45,0.2222,0.4204,0.3111,0.4682
is_to_nl,45,0.3556,0.4841,0.3556,0.4841
is_to_no,45,0.3778,0.4903,0.4,0.4954
is_to_pl,45,0.3778,0.4903,0.3111,0.4682
is_to_pt,45,0.3778,0.4903,0.4,0.4954
is_to_ro,45,0.4222,0.4995,0.3778,0.4903
is_to_ru,45,0.3556,0.4841,0.3111,0.4682
is_to_sk,45,0.4,0.4954,0.3111,0.4682
is_to_sl,45,0.2,0.4045,0.2889,0.4584
is_to_sr,45,0.3778,0.4903,0.2889,0.4584
is_to_sv,45,0.3778,0.4903,0.3111,0.4682
is_to_sw,45,0.3778,0.4903,0.3111,0.4682
is_to_ta,45,0.4,0.4954,0.2,0.4045
is_to_th,45,0.4444,0.5025,0.2889,0.4584
is_to_tl,45,0.3556,0.4841,0.4222,0.4995
is_to_tr,45,0.4,0.4954,0.2667,0.4472
is_to_uk,45,0.4,0.4954,0.3778,0.4903
is_to_uz,45,0.2667,0.4472,0.2889,0.4584
is_to_vi,45,0.2444,0.4346,0.3778,0.4903
is_to_zh,45,0.6,0.4954,0.5778,0.4995
it_to_am,45,0.2889,0.4584,0.3111,0.4682
it_to_ar,45,0.3333,0.4767,0.3556,0.4841
it_to_bg,45,0.3556,0.4841,0.4222,0.4995
it_to_bn,45,0.2889,0.4584,0.4667,0.5045
it_to_bs,45,0.4667,0.5045,0.3778,0.4903
it_to_cs,45,0.5556,0.5025,0.5556,0.5025
it_to_cy,45,0.3111,0.4682,0.2444,0.4346
it_to_da,45,0.3778,0.4903,0.3111,0.4682
it_to_de,45,0.4889,0.5055,0.4222,0.4995
it_to_el,45,0.4444,0.5025,0.2889,0.4584
it_to_en,45,0.5333,0.5045,0.5778,0.4995
it_to_es,45,0.3556,0.4841,0.5333,0.5045
it_to_et,45,0.3333,0.4767,0.3333,0.4767
it_to_fa,45,0.3333,0.4767,0.3556,0.4841
it_to_fi,45,0.4889,0.5055,0.5333,0.5045
it_to_fr,45,0.4222,0.4995,0.3778,0.4903
it_to_ga,45,0.4222,0.4995,0.2444,0.4346
it_to_he,45,0.4444,0.5025,0.4222,0.4995
it_to_hi,45,0.3778,0.4903,0.3778,0.4903
it_to_hr,45,0.3333,0.4767,0.2889,0.4584
it_to_hu,45,0.4222,0.4995,0.4222,0.4995
it_to_id,45,0.4444,0.5025,0.5778,0.4995
it_to_is,45,0.3778,0.4903,0.3556,0.4841
it_to_ja,45,0.4444,0.5025,0.3778,0.4903
it_to_ka,45,0.3556,0.4841,0.1778,0.3866
it_to_ko,45,0.4,0.4954,0.3556,0.4841
it_to_lt,45,0.4444,0.5025,0.4444,0.5025
it_to_lv,45,0.4222,0.4995,0.3778,0.4903
it_to_ms,45,0.5333,0.5045,0.6,0.4954
it_to_mt,45,0.3556,0.4841,0.2889,0.4584
it_to_nl,45,0.3556,0.4841,0.4889,0.5055
it_to_no,45,0.3556,0.4841,0.3333,0.4767
it_to_pl,45,0.4,0.4954,0.5333,0.5045
it_to_pt,45,0.4,0.4954,0.4889,0.5055
it_to_ro,45,0.3333,0.4767,0.4444,0.5025
it_to_ru,45,0.3778,0.4903,0.3111,0.4682
it_to_sk,45,0.3333,0.4767,0.3333,0.4767
it_to_sl,45,0.5333,0.5045,0.4889,0.5055
it_to_sr,45,0.5111,0.5055,0.4222,0.4995
it_to_sv,45,0.4667,0.5045,0.3778,0.4903
it_to_sw,45,0.2,0.4045,0.2667,0.4472
it_to_ta,45,0.2889,0.4584,0.4,0.4954
it_to_th,45,0.3556,0.4841,0.4444,0.5025
it_to_tl,45,0.3556,0.4841,0.3111,0.4682
it_to_tr,45,0.4667,0.5045,0.5111,0.5055
it_to_uk,45,0.3333,0.4767,0.4,0.4954
it_to_uz,45,0.3333,0.4767,0.3556,0.4841
it_to_vi,45,0.3778,0.4903,0.3111,0.4682
it_to_zh,45,0.4889,0.5055,0.4667,0.5045
ja_to_am,45,0.3556,0.4841,0.2889,0.4584
ja_to_ar,45,0.4222,0.4995,0.3556,0.4841
ja_to_bg,45,0.4667,0.5045,0.6,0.4954
ja_to_bn,45,0.4,0.4954,0.3111,0.4682
ja_to_bs,45,0.2889,0.4584,0.3111,0.4682
ja_to_cs,45,0.4222,0.4995,0.4,0.4954
ja_to_cy,45,0.4444,0.5025,0.3333,0.4767
ja_to_da,45,0.4667,0.5045,0.4222,0.4995
ja_to_de,45,0.4667,0.5045,0.3556,0.4841
ja_to_el,45,0.4444,0.5025,0.5111,0.5055
ja_to_en,45,0.5556,0.5025,0.6444,0.4841
ja_to_es,45,0.4667,0.5045,0.3556,0.4841
ja_to_et,45,0.3778,0.4903,0.3556,0.4841
ja_to_fa,45,0.3556,0.4841,0.3778,0.4903
ja_to_fi,45,0.4444,0.5025,0.4889,0.5055
ja_to_fr,45,0.4444,0.5025,0.3778,0.4903
ja_to_ga,45,0.2444,0.4346,0.2222,0.4204
ja_to_he,45,0.4889,0.5055,0.4444,0.5025
ja_to_hi,45,0.4444,0.5025,0.4222,0.4995
ja_to_hr,45,0.3556,0.4841,0.4,0.4954
ja_to_hu,45,0.3778,0.4903,0.3333,0.4767
ja_to_id,45,0.4889,0.5055,0.4667,0.5045
ja_to_is,45,0.3111,0.4682,0.3556,0.4841
ja_to_it,45,0.4222,0.4995,0.4667,0.5045
ja_to_ka,45,0.2889,0.4584,0.2,0.4045
ja_to_ko,45,0.5778,0.4995,0.4222,0.4995
ja_to_lt,45,0.3556,0.4841,0.2889,0.4584
ja_to_lv,45,0.4444,0.5025,0.3111,0.4682
ja_to_ms,45,0.4222,0.4995,0.4667,0.5045
ja_to_mt,45,0.3111,0.4682,0.2222,0.4204
ja_to_nl,45,0.4444,0.5025,0.5111,0.5055
ja_to_no,45,0.4444,0.5025,0.4,0.4954
ja_to_pl,45,0.4222,0.4995,0.5556,0.5025
ja_to_pt,45,0.5333,0.5045,0.4,0.4954
ja_to_ro,45,0.5111,0.5055,0.2889,0.4584
ja_to_ru,45,0.4222,0.4995,0.5333,0.5045
ja_to_sk,45,0.4,0.4954,0.3333,0.4767
ja_to_sl,45,0.3111,0.4682,0.2667,0.4472
ja_to_sr,45,0.3333,0.4767,0.5556,0.5025
ja_to_sv,45,0.5556,0.5025,0.4889,0.5055
ja_to_sw,45,0.2444,0.4346,0.3111,0.4682
ja_to_ta,45,0.3556,0.4841,0.2222,0.4204
ja_to_th,45,0.4889,0.5055,0.4889,0.5055
ja_to_tl,45,0.2667,0.4472,0.3333,0.4767
ja_to_tr,45,0.3556,0.4841,0.4444,0.5025
ja_to_uk,45,0.4222,0.4995,0.2889,0.4584
ja_to_uz,45,0.3333,0.4767,0.4,0.4954
ja_to_vi,45,0.4889,0.5055,0.4889,0.5055
ja_to_zh,45,0.6222,0.4903,0.4222,0.4995
ka_to_am,45,0.3111,0.4682,0.2,0.4045
ka_to_ar,45,0.2889,0.4584,0.4222,0.4995
ka_to_bg,45,0.3556,0.4841,0.4222,0.4995
ka_to_bn,45,0.3333,0.4767,0.2444,0.4346
ka_to_bs,45,0.3333,0.4767,0.3333,0.4767
ka_to_cs,45,0.4667,0.5045,0.3778,0.4903
ka_to_cy,45,0.2889,0.4584,0.3333,0.4767
ka_to_da,45,0.3111,0.4682,0.3556,0.4841
ka_to_de,45,0.3111,0.4682,0.2889,0.4584
ka_to_el,45,0.4222,0.4995,0.4667,0.5045
ka_to_en,45,0.4,0.4954,0.5556,0.5025
ka_to_es,45,0.5333,0.5045,0.4444,0.5025
ka_to_et,45,0.2667,0.4472,0.2222,0.4204
ka_to_fa,45,0.3778,0.4903,0.4444,0.5025
ka_to_fi,45,0.3556,0.4841,0.2667,0.4472
ka_to_fr,45,0.4889,0.5055,0.5111,0.5055
ka_to_ga,45,0.3556,0.4841,0.2,0.4045
ka_to_he,45,0.2889,0.4584,0.3111,0.4682
ka_to_hi,45,0.4,0.4954,0.2222,0.4204
ka_to_hr,45,0.4444,0.5025,0.2889,0.4584
ka_to_hu,45,0.3333,0.4767,0.4,0.4954
ka_to_id,45,0.4,0.4954,0.4,0.4954
ka_to_is,45,0.4222,0.4995,0.3556,0.4841
ka_to_it,45,0.4444,0.5025,0.2889,0.4584
ka_to_ja,45,0.4,0.4954,0.2667,0.4472
ka_to_ko,45,0.3778,0.4903,0.4222,0.4995
ka_to_lt,45,0.3333,0.4767,0.4222,0.4995
ka_to_lv,45,0.4444,0.5025,0.4222,0.4995
ka_to_ms,45,0.3778,0.4903,0.3778,0.4903
ka_to_mt,45,0.3111,0.4682,0.3111,0.4682
ka_to_nl,45,0.2444,0.4346,0.3111,0.4682
ka_to_no,45,0.3111,0.4682,0.3556,0.4841
ka_to_pl,45,0.4667,0.5045,0.4222,0.4995
ka_to_pt,45,0.4222,0.4995,0.3111,0.4682
ka_to_ro,45,0.3333,0.4767,0.3333,0.4767
ka_to_ru,45,0.2667,0.4472,0.4222,0.4995
ka_to_sk,45,0.3333,0.4767,0.2222,0.4204
ka_to_sl,45,0.2222,0.4204,0.4222,0.4995
ka_to_sr,45,0.3778,0.4903,0.2889,0.4584
ka_to_sv,45,0.2667,0.4472,0.4444,0.5025
ka_to_sw,45,0.2667,0.4472,0.2444,0.4346
ka_to_ta,45,0.4667,0.5045,0.4444,0.5025
ka_to_th,45,0.4222,0.4995,0.4,0.4954
ka_to_tl,45,0.3778,0.4903,0.3333,0.4767
ka_to_tr,45,0.2444,0.4346,0.3778,0.4903
ka_to_uk,45,0.4222,0.4995,0.4889,0.5055
ka_to_uz,45,0.3778,0.4903,0.3333,0.4767
ka_to_vi,45,0.3111,0.4682,0.4222,0.4995
ka_to_zh,45,0.5556,0.5025,0.4,0.4954
ko_to_am,45,0.1778,0.3866,0.2222,0.4204
ko_to_ar,45,0.3111,0.4682,0.4444,0.5025
ko_to_bg,45,0.3333,0.4767,0.4,0.4954
ko_to_bn,45,0.1778,0.3866,0.2889,0.4584
ko_to_bs,45,0.4222,0.4995,0.3111,0.4682
ko_to_cs,45,0.4444,0.5025,0.3778,0.4903
ko_to_cy,45,0.2667,0.4472,0.2889,0.4584
ko_to_da,45,0.4222,0.4995,0.4667,0.5045
ko_to_de,45,0.4889,0.5055,0.4222,0.4995
ko_to_el,45,0.5111,0.5055,0.3556,0.4841
ko_to_en,45,0.5778,0.4995,0.4444,0.5025
ko_to_es,45,0.5556,0.5025,0.6444,0.4841
ko_to_et,45,0.2889,0.4584,0.2667,0.4472
ko_to_fa,45,0.2889,0.4584,0.3556,0.4841
ko_to_fi,45,0.3778,0.4903,0.4222,0.4995
ko_to_fr,45,0.5111,0.5055,0.5333,0.5045
ko_to_ga,45,0.3778,0.4903,0.2,0.4045
ko_to_he,45,0.3556,0.4841,0.4444,0.5025
ko_to_hi,45,0.4444,0.5025,0.3556,0.4841
ko_to_hr,45,0.3333,0.4767,0.4667,0.5045
ko_to_hu,45,0.4222,0.4995,0.3111,0.4682
ko_to_id,45,0.4667,0.5045,0.3778,0.4903
ko_to_is,45,0.3333,0.4767,0.3111,0.4682
ko_to_it,45,0.3556,0.4841,0.4444,0.5025
ko_to_ja,45,0.4444,0.5025,0.2444,0.4346
ko_to_ka,45,0.2667,0.4472,0.2889,0.4584
ko_to_lt,45,0.2889,0.4584,0.2444,0.4346
ko_to_lv,45,0.4444,0.5025,0.3333,0.4767
ko_to_ms,45,0.2889,0.4584,0.3778,0.4903
ko_to_mt,45,0.4444,0.5025,0.4,0.4954
ko_to_nl,45,0.3778,0.4903,0.3778,0.4903
ko_to_no,45,0.4,0.4954,0.2889,0.4584
ko_to_pl,45,0.4222,0.4995,0.3778,0.4903
ko_to_pt,45,0.5333,0.5045,0.4222,0.4995
ko_to_ro,45,0.3778,0.4903,0.2667,0.4472
ko_to_ru,45,0.4222,0.4995,0.3556,0.4841
ko_to_sk,45,0.3778,0.4903,0.4889,0.5055
ko_to_sl,45,0.4667,0.5045,0.3556,0.4841
ko_to_sr,45,0.4,0.4954,0.3556,0.4841
ko_to_sv,45,0.3556,0.4841,0.3778,0.4903
ko_to_sw,45,0.4222,0.4995,0.2667,0.4472
ko_to_ta,45,0.4667,0.5045,0.3778,0.4903
ko_to_th,45,0.4444,0.5025,0.3778,0.4903
ko_to_tl,45,0.4,0.4954,0.3556,0.4841
ko_to_tr,45,0.4667,0.5045,0.4444,0.5025
ko_to_uk,45,0.4,0.4954,0.2889,0.4584
ko_to_uz,45,0.3333,0.4767,0.2667,0.4472
ko_to_vi,45,0.3778,0.4903,0.5556,0.5025
ko_to_zh,45,0.3778,0.4903,0.3333,0.4767
lt_to_am,45,0.2444,0.4346,0.2,0.4045
lt_to_ar,45,0.3111,0.4682,0.3111,0.4682
lt_to_bg,45,0.4222,0.4995,0.3556,0.4841
lt_to_bn,45,0.4444,0.5025,0.3333,0.4767
lt_to_bs,45,0.2667,0.4472,0.2444,0.4346
lt_to_cs,45,0.4222,0.4995,0.4222,0.4995
lt_to_cy,45,0.2889,0.4584,0.4444,0.5025
lt_to_da,45,0.3111,0.4682,0.5111,0.5055
lt_to_de,45,0.4222,0.4995,0.5333,0.5045
lt_to_el,45,0.5111,0.5055,0.4222,0.4995
lt_to_en,45,0.6,0.4954,0.5111,0.5055
lt_to_es,45,0.5778,0.4995,0.6444,0.4841
lt_to_et,45,0.2889,0.4584,0.3111,0.4682
lt_to_fa,45,0.2222,0.4204,0.3333,0.4767
lt_to_fi,45,0.3333,0.4767,0.4,0.4954
lt_to_fr,45,0.4444,0.5025,0.4444,0.5025
lt_to_ga,45,0.3556,0.4841,0.3778,0.4903
lt_to_he,45,0.3333,0.4767,0.3111,0.4682
lt_to_hi,45,0.4444,0.5025,0.3111,0.4682
lt_to_hr,45,0.3778,0.4903,0.3556,0.4841
lt_to_hu,45,0.3333,0.4767,0.2667,0.4472
lt_to_id,45,0.3333,0.4767,0.4222,0.4995
lt_to_is,45,0.4222,0.4995,0.4222,0.4995
lt_to_it,45,0.3778,0.4903,0.3333,0.4767
lt_to_ja,45,0.4889,0.5055,0.4,0.4954
lt_to_ka,45,0.3333,0.4767,0.2667,0.4472
lt_to_ko,45,0.4,0.4954,0.4,0.4954
lt_to_lv,45,0.3556,0.4841,0.3333,0.4767
lt_to_ms,45,0.4,0.4954,0.3778,0.4903
lt_to_mt,45,0.3556,0.4841,0.2889,0.4584
lt_to_nl,45,0.4444,0.5025,0.3778,0.4903
lt_to_no,45,0.3778,0.4903,0.4222,0.4995
lt_to_pl,45,0.4,0.4954,0.3556,0.4841
lt_to_pt,45,0.4667,0.5045,0.4,0.4954
lt_to_ro,45,0.3111,0.4682,0.2667,0.4472
lt_to_ru,45,0.3778,0.4903,0.4,0.4954
lt_to_sk,45,0.3778,0.4903,0.2444,0.4346
lt_to_sl,45,0.3778,0.4903,0.2889,0.4584
lt_to_sr,45,0.2667,0.4472,0.2889,0.4584
lt_to_sv,45,0.5333,0.5045,0.4222,0.4995
lt_to_sw,45,0.4222,0.4995,0.4,0.4954
lt_to_ta,45,0.4444,0.5025,0.3111,0.4682
lt_to_th,45,0.5111,0.5055,0.4444,0.5025
lt_to_tl,45,0.3556,0.4841,0.3556,0.4841
lt_to_tr,45,0.3556,0.4841,0.2889,0.4584
lt_to_uk,45,0.4,0.4954,0.3333,0.4767
lt_to_uz,45,0.3333,0.4767,0.2667,0.4472
lt_to_vi,45,0.3333,0.4767,0.4667,0.5045
lt_to_zh,45,0.4889,0.5055,0.4,0.4954
lv_to_am,45,0.2444,0.4346,0.1333,0.3438
lv_to_ar,45,0.5333,0.5045,0.4222,0.4995
lv_to_bg,45,0.3333,0.4767,0.3333,0.4767
lv_to_bn,45,0.3333,0.4767,0.3556,0.4841
lv_to_bs,45,0.3778,0.4903,0.4444,0.5025
lv_to_cs,45,0.3333,0.4767,0.3333,0.4767
lv_to_cy,45,0.2667,0.4472,0.2667,0.4472
lv_to_da,45,0.3778,0.4903,0.4,0.4954
lv_to_de,45,0.5556,0.5025,0.3778,0.4903
lv_to_el,45,0.4222,0.4995,0.3778,0.4903
lv_to_en,45,0.4,0.4954,0.3111,0.4682
lv_to_es,45,0.4889,0.5055,0.4,0.4954
lv_to_et,45,0.2667,0.4472,0.3778,0.4903
lv_to_fa,45,0.4,0.4954,0.3556,0.4841
lv_to_fi,45,0.4,0.4954,0.4,0.4954
lv_to_fr,45,0.4222,0.4995,0.4,0.4954
lv_to_ga,45,0.1778,0.3866,0.2667,0.4472
lv_to_he,45,0.2444,0.4346,0.4,0.4954
lv_to_hi,45,0.4222,0.4995,0.4444,0.5025
lv_to_hr,45,0.4444,0.5025,0.2444,0.4346
lv_to_hu,45,0.4444,0.5025,0.3333,0.4767
lv_to_id,45,0.3333,0.4767,0.5333,0.5045
lv_to_is,45,0.3778,0.4903,0.4222,0.4995
lv_to_it,45,0.4667,0.5045,0.4444,0.5025
lv_to_ja,45,0.5111,0.5055,0.3778,0.4903
lv_to_ka,45,0.4,0.4954,0.3333,0.4767
lv_to_ko,45,0.4444,0.5025,0.3111,0.4682
lv_to_lt,45,0.2889,0.4584,0.3778,0.4903
lv_to_ms,45,0.3333,0.4767,0.2667,0.4472
lv_to_mt,45,0.2667,0.4472,0.1778,0.3866
lv_to_nl,45,0.3111,0.4682,0.4,0.4954
lv_to_no,45,0.4,0.4954,0.4,0.4954
lv_to_pl,45,0.3556,0.4841,0.4444,0.5025
lv_to_pt,45,0.5333,0.5045,0.2889,0.4584
lv_to_ro,45,0.4889,0.5055,0.2444,0.4346
lv_to_ru,45,0.5333,0.5045,0.4667,0.5045
lv_to_sk,45,0.2667,0.4472,0.2667,0.4472
lv_to_sl,45,0.3333,0.4767,0.2222,0.4204
lv_to_sr,45,0.4667,0.5045,0.2222,0.4204
lv_to_sv,45,0.5778,0.4995,0.5333,0.5045
lv_to_sw,45,0.2889,0.4584,0.2889,0.4584
lv_to_ta,45,0.3556,0.4841,0.4,0.4954
lv_to_th,45,0.3556,0.4841,0.3556,0.4841
lv_to_tl,45,0.3333,0.4767,0.2889,0.4584
lv_to_tr,45,0.3778,0.4903,0.3778,0.4903
lv_to_uk,45,0.4889,0.5055,0.5111,0.5055
lv_to_uz,45,0.3556,0.4841,0.3333,0.4767
lv_to_vi,45,0.2444,0.4346,0.3778,0.4903
lv_to_zh,45,0.5333,0.5045,0.5556,0.5025
ms_to_am,45,0.3333,0.4767,0.0889,0.2878
ms_to_ar,45,0.3556,0.4841,0.3556,0.4841
ms_to_bg,45,0.3556,0.4841,0.4,0.4954
ms_to_bn,45,0.3778,0.4903,0.3778,0.4903
ms_to_bs,45,0.4444,0.5025,0.3556,0.4841
ms_to_cs,45,0.3333,0.4767,0.3333,0.4767
ms_to_cy,45,0.2889,0.4584,0.2667,0.4472
ms_to_da,45,0.3778,0.4903,0.4667,0.5045
ms_to_de,45,0.4889,0.5055,0.4222,0.4995
ms_to_el,45,0.4444,0.5025,0.2,0.4045
ms_to_en,45,0.4,0.4954,0.5556,0.5025
ms_to_es,45,0.4667,0.5045,0.5111,0.5055
ms_to_et,45,0.2222,0.4204,0.2889,0.4584
ms_to_fa,45,0.2889,0.4584,0.4889,0.5055
ms_to_fi,45,0.4889,0.5055,0.3556,0.4841
ms_to_fr,45,0.5778,0.4995,0.4667,0.5045
ms_to_ga,45,0.3778,0.4903,0.2889,0.4584
ms_to_he,45,0.3333,0.4767,0.3556,0.4841
ms_to_hi,45,0.4444,0.5025,0.4444,0.5025
ms_to_hr,45,0.4889,0.5055,0.2889,0.4584
ms_to_hu,45,0.3111,0.4682,0.3333,0.4767
ms_to_id,45,0.3556,0.4841,0.2667,0.4472
ms_to_is,45,0.2667,0.4472,0.3333,0.4767
ms_to_it,45,0.3111,0.4682,0.3778,0.4903
ms_to_ja,45,0.3556,0.4841,0.2222,0.4204
ms_to_ka,45,0.4,0.4954,0.3556,0.4841
ms_to_ko,45,0.4667,0.5045,0.1778,0.3866
ms_to_lt,45,0.4667,0.5045,0.4,0.4954
ms_to_lv,45,0.3556,0.4841,0.3556,0.4841
ms_to_mt,45,0.3778,0.4903,0.4889,0.5055
ms_to_nl,45,0.4444,0.5025,0.4444,0.5025
ms_to_no,45,0.5333,0.5045,0.3778,0.4903
ms_to_pl,45,0.4667,0.5045,0.4889,0.5055
ms_to_pt,45,0.3778,0.4903,0.4444,0.5025
ms_to_ro,45,0.5333,0.5045,0.4,0.4954
ms_to_ru,45,0.4444,0.5025,0.4667,0.5045
ms_to_sk,45,0.4222,0.4995,0.4667,0.5045
ms_to_sl,45,0.4222,0.4995,0.3333,0.4767
ms_to_sr,45,0.4667,0.5045,0.5111,0.5055
ms_to_sv,45,0.4444,0.5025,0.5111,0.5055
ms_to_sw,45,0.3556,0.4841,0.3778,0.4903
ms_to_ta,45,0.4222,0.4995,0.2667,0.4472
ms_to_th,45,0.4,0.4954,0.4667,0.5045
ms_to_tl,45,0.4222,0.4995,0.2444,0.4346
ms_to_tr,45,0.3333,0.4767,0.4889,0.5055
ms_to_uk,45,0.4667,0.5045,0.4,0.4954
ms_to_uz,45,0.3556,0.4841,0.3556,0.4841
ms_to_vi,45,0.2889,0.4584,0.4,0.4954
ms_to_zh,45,0.6444,0.4841,0.4889,0.5055
mt_to_am,45,0.3333,0.4767,0.1556,0.3665
mt_to_ar,45,0.4444,0.5025,0.4,0.4954
mt_to_bg,45,0.4222,0.4995,0.5111,0.5055
mt_to_bn,45,0.2889,0.4584,0.4222,0.4995
mt_to_bs,45,0.4667,0.5045,0.4222,0.4995
mt_to_cs,45,0.4444,0.5025,0.4222,0.4995
mt_to_cy,45,0.2222,0.4204,0.2667,0.4472
mt_to_da,45,0.4889,0.5055,0.2889,0.4584
mt_to_de,45,0.4222,0.4995,0.3778,0.4903
mt_to_el,45,0.4222,0.4995,0.4222,0.4995
mt_to_en,45,0.4889,0.5055,0.5556,0.5025
mt_to_es,45,0.4444,0.5025,0.4667,0.5045
mt_to_et,45,0.3556,0.4841,0.3111,0.4682
mt_to_fa,45,0.3556,0.4841,0.4222,0.4995
mt_to_fi,45,0.2889,0.4584,0.3333,0.4767
mt_to_fr,45,0.4444,0.5025,0.3556,0.4841
mt_to_ga,45,0.2667,0.4472,0.2667,0.4472
mt_to_he,45,0.3556,0.4841,0.2667,0.4472
mt_to_hi,45,0.4222,0.4995,0.5556,0.5025
mt_to_hr,45,0.2889,0.4584,0.2222,0.4204
mt_to_hu,45,0.4222,0.4995,0.4,0.4954
mt_to_id,45,0.4,0.4954,0.4444,0.5025
mt_to_is,45,0.3778,0.4903,0.2889,0.4584
mt_to_it,45,0.4222,0.4995,0.3778,0.4903
mt_to_ja,45,0.5111,0.5055,0.3111,0.4682
mt_to_ka,45,0.3333,0.4767,0.2667,0.4472
mt_to_ko,45,0.5111,0.5055,0.3111,0.4682
mt_to_lt,45,0.3778,0.4903,0.3333,0.4767
mt_to_lv,45,0.3111,0.4682,0.3556,0.4841
mt_to_ms,45,0.3556,0.4841,0.3333,0.4767
mt_to_nl,45,0.4222,0.4995,0.4444,0.5025
mt_to_no,45,0.4222,0.4995,0.4444,0.5025
mt_to_pl,45,0.4,0.4954,0.4444,0.5025
mt_to_pt,45,0.3556,0.4841,0.4444,0.5025
mt_to_ro,45,0.5111,0.5055,0.4889,0.5055
mt_to_ru,45,0.3778,0.4903,0.5111,0.5055
mt_to_sk,45,0.3333,0.4767,0.3778,0.4903
mt_to_sl,45,0.4222,0.4995,0.5333,0.5045
mt_to_sr,45,0.2667,0.4472,0.2889,0.4584
mt_to_sv,45,0.4889,0.5055,0.4222,0.4995
mt_to_sw,45,0.3333,0.4767,0.1778,0.3866
mt_to_ta,45,0.4444,0.5025,0.4,0.4954
mt_to_th,45,0.5111,0.5055,0.4,0.4954
mt_to_tl,45,0.4222,0.4995,0.5111,0.5055
mt_to_tr,45,0.3778,0.4903,0.4,0.4954
mt_to_uk,45,0.3556,0.4841,0.4,0.4954
mt_to_uz,45,0.3778,0.4903,0.2667,0.4472
mt_to_vi,45,0.4,0.4954,0.4667,0.5045
mt_to_zh,45,0.4,0.4954,0.4,0.4954
nl_to_am,45,0.3333,0.4767,0.2444,0.4346
nl_to_ar,45,0.3111,0.4682,0.3778,0.4903
nl_to_bg,45,0.3111,0.4682,0.4,0.4954
nl_to_bn,45,0.3333,0.4767,0.4222,0.4995
nl_to_bs,45,0.5111,0.5055,0.3333,0.4767
nl_to_cs,45,0.3778,0.4903,0.3778,0.4903
nl_to_cy,45,0.2667,0.4472,0.2444,0.4346
nl_to_da,45,0.3111,0.4682,0.4,0.4954
nl_to_de,45,0.4444,0.5025,0.5778,0.4995
nl_to_el,45,0.4,0.4954,0.4,0.4954
nl_to_en,45,0.4889,0.5055,0.5111,0.5055
nl_to_es,45,0.3556,0.4841,0.4222,0.4995
nl_to_et,45,0.2222,0.4204,0.3556,0.4841
nl_to_fa,45,0.4444,0.5025,0.4222,0.4995
nl_to_fi,45,0.2889,0.4584,0.2222,0.4204
nl_to_fr,45,0.3778,0.4903,0.5111,0.5055
nl_to_ga,45,0.4,0.4954,0.2,0.4045
nl_to_he,45,0.3111,0.4682,0.2889,0.4584
nl_to_hi,45,0.4,0.4954,0.4,0.4954
nl_to_hr,45,0.3556,0.4841,0.4,0.4954
nl_to_hu,45,0.4222,0.4995,0.4,0.4954
nl_to_id,45,0.4667,0.5045,0.4,0.4954
nl_to_is,45,0.3333,0.4767,0.4222,0.4995
nl_to_it,45,0.5333,0.5045,0.4889,0.5055
nl_to_ja,45,0.3333,0.4767,0.4667,0.5045
nl_to_ka,45,0.1778,0.3866,0.2222,0.4204
nl_to_ko,45,0.4889,0.5055,0.3556,0.4841
nl_to_lt,45,0.3556,0.4841,0.2444,0.4346
nl_to_lv,45,0.4,0.4954,0.4222,0.4995
nl_to_ms,45,0.3778,0.4903,0.4222,0.4995
nl_to_mt,45,0.3556,0.4841,0.3333,0.4767
nl_to_no,45,0.4889,0.5055,0.4889,0.5055
nl_to_pl,45,0.4,0.4954,0.3111,0.4682
nl_to_pt,45,0.3556,0.4841,0.4222,0.4995
nl_to_ro,45,0.4889,0.5055,0.4,0.4954
nl_to_ru,45,0.4889,0.5055,0.4889,0.5055
nl_to_sk,45,0.3333,0.4767,0.4889,0.5055
nl_to_sl,45,0.3333,0.4767,0.3778,0.4903
nl_to_sr,45,0.3333,0.4767,0.2444,0.4346
nl_to_sv,45,0.3333,0.4767,0.3556,0.4841
nl_to_sw,45,0.3333,0.4767,0.3556,0.4841
nl_to_ta,45,0.4889,0.5055,0.3111,0.4682
nl_to_th,45,0.4222,0.4995,0.3778,0.4903
nl_to_tl,45,0.3333,0.4767,0.2667,0.4472
nl_to_tr,45,0.4667,0.5045,0.4444,0.5025
nl_to_uk,45,0.3333,0.4767,0.2889,0.4584
nl_to_uz,45,0.3111,0.4682,0.2667,0.4472
nl_to_vi,45,0.2889,0.4584,0.4222,0.4995
nl_to_zh,45,0.5111,0.5055,0.4444,0.5025
no_to_am,45,0.2667,0.4472,0.2222,0.4204
no_to_ar,45,0.4667,0.5045,0.2889,0.4584
no_to_bg,45,0.4889,0.5055,0.2889,0.4584
no_to_bn,45,0.4444,0.5025,0.2667,0.4472
no_to_bs,45,0.4667,0.5045,0.3778,0.4903
no_to_cs,45,0.5333,0.5045,0.5778,0.4995
no_to_cy,45,0.3556,0.4841,0.3333,0.4767
no_to_da,45,0.3333,0.4767,0.4,0.4954
no_to_de,45,0.4667,0.5045,0.5111,0.5055
no_to_el,45,0.3556,0.4841,0.2889,0.4584
no_to_en,45,0.5778,0.4995,0.4222,0.4995
no_to_es,45,0.3556,0.4841,0.3333,0.4767
no_to_et,45,0.3778,0.4903,0.3333,0.4767
no_to_fa,45,0.4,0.4954,0.3556,0.4841
no_to_fi,45,0.3556,0.4841,0.4667,0.5045
no_to_fr,45,0.4889,0.5055,0.5111,0.5055
no_to_ga,45,0.3778,0.4903,0.2,0.4045
no_to_he,45,0.3111,0.4682,0.3333,0.4767
no_to_hi,45,0.4444,0.5025,0.3111,0.4682
no_to_hr,45,0.4889,0.5055,0.4,0.4954
no_to_hu,45,0.2667,0.4472,0.2667,0.4472
no_to_id,45,0.4667,0.5045,0.3778,0.4903
no_to_is,45,0.2889,0.4584,0.4,0.4954
no_to_it,45,0.5111,0.5055,0.4667,0.5045
no_to_ja,45,0.4,0.4954,0.3333,0.4767
no_to_ka,45,0.2222,0.4204,0.2889,0.4584
no_to_ko,45,0.4444,0.5025,0.2889,0.4584
no_to_lt,45,0.3556,0.4841,0.3556,0.4841
no_to_lv,45,0.4222,0.4995,0.4,0.4954
no_to_ms,45,0.3333,0.4767,0.4444,0.5025
no_to_mt,45,0.3556,0.4841,0.3111,0.4682
no_to_nl,45,0.4667,0.5045,0.3333,0.4767
no_to_pl,45,0.3556,0.4841,0.3333,0.4767
no_to_pt,45,0.3111,0.4682,0.4889,0.5055
no_to_ro,45,0.4,0.4954,0.3111,0.4682
no_to_ru,45,0.4222,0.4995,0.4222,0.4995
no_to_sk,45,0.4,0.4954,0.2667,0.4472
no_to_sl,45,0.3111,0.4682,0.2444,0.4346
no_to_sr,45,0.3333,0.4767,0.3778,0.4903
no_to_sv,45,0.4222,0.4995,0.4889,0.5055
no_to_sw,45,0.3556,0.4841,0.2,0.4045
no_to_ta,45,0.4667,0.5045,0.4444,0.5025
no_to_th,45,0.4889,0.5055,0.4222,0.4995
no_to_tl,45,0.2667,0.4472,0.2889,0.4584
no_to_tr,45,0.4,0.4954,0.3556,0.4841
no_to_uk,45,0.4667,0.5045,0.4667,0.5045
no_to_uz,45,0.3778,0.4903,0.4,0.4954
no_to_vi,45,0.4222,0.4995,0.4222,0.4995
no_to_zh,45,0.4667,0.5045,0.4444,0.5025
pl_to_am,45,0.3333,0.4767,0.2444,0.4346
pl_to_ar,45,0.3556,0.4841,0.4,0.4954
pl_to_bg,45,0.3778,0.4903,0.4222,0.4995
pl_to_bn,45,0.3111,0.4682,0.4667,0.5045
pl_to_bs,45,0.4222,0.4995,0.3556,0.4841
pl_to_cs,45,0.3556,0.4841,0.4,0.4954
pl_to_cy,45,0.3556,0.4841,0.3111,0.4682
pl_to_da,45,0.4,0.4954,0.5111,0.5055
pl_to_de,45,0.5111,0.5055,0.4444,0.5025
pl_to_el,45,0.4,0.4954,0.2222,0.4204
pl_to_en,45,0.6889,0.4682,0.5333,0.5045
pl_to_es,45,0.5333,0.5045,0.4,0.4954
pl_to_et,45,0.4444,0.5025,0.4667,0.5045
pl_to_fa,45,0.2889,0.4584,0.4889,0.5055
pl_to_fi,45,0.4667,0.5045,0.4444,0.5025
pl_to_fr,45,0.4222,0.4995,0.4889,0.5055
pl_to_ga,45,0.3556,0.4841,0.2,0.4045
pl_to_he,45,0.3556,0.4841,0.3111,0.4682
pl_to_hi,45,0.4222,0.4995,0.5111,0.5055
pl_to_hr,45,0.3333,0.4767,0.3556,0.4841
pl_to_hu,45,0.4444,0.5025,0.4444,0.5025
pl_to_id,45,0.3333,0.4767,0.4222,0.4995
pl_to_is,45,0.3111,0.4682,0.4,0.4954
pl_to_it,45,0.3556,0.4841,0.3111,0.4682
pl_to_ja,45,0.2889,0.4584,0.2444,0.4346
pl_to_ka,45,0.2667,0.4472,0.1778,0.3866
pl_to_ko,45,0.2889,0.4584,0.4,0.4954
pl_to_lt,45,0.4222,0.4995,0.3111,0.4682
pl_to_lv,45,0.3556,0.4841,0.3778,0.4903
pl_to_ms,45,0.3111,0.4682,0.3333,0.4767
pl_to_mt,45,0.4,0.4954,0.4889,0.5055
pl_to_nl,45,0.3778,0.4903,0.3556,0.4841
pl_to_no,45,0.4444,0.5025,0.4444,0.5025
pl_to_pt,45,0.3111,0.4682,0.3778,0.4903
pl_to_ro,45,0.4889,0.5055,0.4444,0.5025
pl_to_ru,45,0.4889,0.5055,0.4889,0.5055
pl_to_sk,45,0.3778,0.4903,0.3333,0.4767
pl_to_sl,45,0.3778,0.4903,0.3556,0.4841
pl_to_sr,45,0.3556,0.4841,0.3111,0.4682
pl_to_sv,45,0.3111,0.4682,0.3778,0.4903
pl_to_sw,45,0.4222,0.4995,0.3333,0.4767
pl_to_ta,45,0.3556,0.4841,0.3333,0.4767
pl_to_th,45,0.4667,0.5045,0.4444,0.5025
pl_to_tl,45,0.4222,0.4995,0.3778,0.4903
pl_to_tr,45,0.4,0.4954,0.5111,0.5055
pl_to_uk,45,0.5111,0.5055,0.4444,0.5025
pl_to_uz,45,0.3333,0.4767,0.3333,0.4767
pl_to_vi,45,0.2667,0.4472,0.2667,0.4472
pl_to_zh,45,0.4222,0.4995,0.4444,0.5025
pt_to_am,45,0.2667,0.4472,0.0667,0.2523
pt_to_ar,45,0.3778,0.4903,0.4,0.4954
pt_to_bg,45,0.4889,0.5055,0.4889,0.5055
pt_to_bn,45,0.4222,0.4995,0.4889,0.5055
pt_to_bs,45,0.4222,0.4995,0.4222,0.4995
pt_to_cs,45,0.3333,0.4767,0.4,0.4954
pt_to_cy,45,0.2,0.4045,0.2667,0.4472
pt_to_da,45,0.5556,0.5025,0.3556,0.4841
pt_to_de,45,0.4889,0.5055,0.5111,0.5055
pt_to_el,45,0.4,0.4954,0.3778,0.4903
pt_to_en,45,0.5333,0.5045,0.5111,0.5055
pt_to_es,45,0.5111,0.5055,0.5333,0.5045
pt_to_et,45,0.3111,0.4682,0.3333,0.4767
pt_to_fa,45,0.4,0.4954,0.4667,0.5045
pt_to_fi,45,0.2889,0.4584,0.3778,0.4903
pt_to_fr,45,0.4,0.4954,0.3778,0.4903
pt_to_ga,45,0.3556,0.4841,0.2,0.4045
pt_to_he,45,0.4444,0.5025,0.4222,0.4995
pt_to_hi,45,0.4222,0.4995,0.2667,0.4472
pt_to_hr,45,0.3778,0.4903,0.2222,0.4204
pt_to_hu,45,0.2222,0.4204,0.4,0.4954
pt_to_id,45,0.4222,0.4995,0.3778,0.4903
pt_to_is,45,0.4,0.4954,0.3778,0.4903
pt_to_it,45,0.4889,0.5055,0.4667,0.5045
pt_to_ja,45,0.4444,0.5025,0.3111,0.4682
pt_to_ka,45,0.2889,0.4584,0.3111,0.4682
pt_to_ko,45,0.3778,0.4903,0.4222,0.4995
pt_to_lt,45,0.3556,0.4841,0.4,0.4954
pt_to_lv,45,0.2444,0.4346,0.3333,0.4767
pt_to_ms,45,0.4667,0.5045,0.5111,0.5055
pt_to_mt,45,0.3778,0.4903,0.2222,0.4204
pt_to_nl,45,0.3556,0.4841,0.3333,0.4767
pt_to_no,45,0.3556,0.4841,0.5333,0.5045
pt_to_pl,45,0.3333,0.4767,0.4,0.4954
pt_to_ro,45,0.5333,0.5045,0.4222,0.4995
pt_to_ru,45,0.3778,0.4903,0.4222,0.4995
pt_to_sk,45,0.4,0.4954,0.4222,0.4995
pt_to_sl,45,0.2444,0.4346,0.4444,0.5025
pt_to_sr,45,0.4,0.4954,0.4,0.4954
pt_to_sv,45,0.4444,0.5025,0.4444,0.5025
pt_to_sw,45,0.2667,0.4472,0.2667,0.4472
pt_to_ta,45,0.4444,0.5025,0.5333,0.5045
pt_to_th,45,0.4,0.4954,0.3556,0.4841
pt_to_tl,45,0.4667,0.5045,0.3111,0.4682
pt_to_tr,45,0.5333,0.5045,0.3778,0.4903
pt_to_uk,45,0.4,0.4954,0.2667,0.4472
pt_to_uz,45,0.3333,0.4767,0.4222,0.4995
pt_to_vi,45,0.4,0.4954,0.3778,0.4903
pt_to_zh,45,0.4444,0.5025,0.3111,0.4682
ro_to_am,45,0.3111,0.4682,0.1556,0.3665
ro_to_ar,45,0.4444,0.5025,0.3556,0.4841
ro_to_bg,45,0.3556,0.4841,0.2444,0.4346
ro_to_bn,45,0.4,0.4954,0.2889,0.4584
ro_to_bs,45,0.3778,0.4903,0.4444,0.5025
ro_to_cs,45,0.3778,0.4903,0.5556,0.5025
ro_to_cy,45,0.3111,0.4682,0.2667,0.4472
ro_to_da,45,0.3778,0.4903,0.4222,0.4995
ro_to_de,45,0.4889,0.5055,0.4222,0.4995
ro_to_el,45,0.4667,0.5045,0.4667,0.5045
ro_to_en,45,0.5556,0.5025,0.4889,0.5055
ro_to_es,45,0.5778,0.4995,0.5111,0.5055
ro_to_et,45,0.2222,0.4204,0.2667,0.4472
ro_to_fa,45,0.4,0.4954,0.4667,0.5045
ro_to_fi,45,0.4667,0.5045,0.4889,0.5055
ro_to_fr,45,0.4,0.4954,0.3333,0.4767
ro_to_ga,45,0.2444,0.4346,0.3556,0.4841
ro_to_he,45,0.3111,0.4682,0.3333,0.4767
ro_to_hi,45,0.2444,0.4346,0.3333,0.4767
ro_to_hr,45,0.3333,0.4767,0.3556,0.4841
ro_to_hu,45,0.3778,0.4903,0.3111,0.4682
ro_to_id,45,0.4667,0.5045,0.5111,0.5055
ro_to_is,45,0.2222,0.4204,0.2222,0.4204
ro_to_it,45,0.4667,0.5045,0.4,0.4954
ro_to_ja,45,0.5111,0.5055,0.3111,0.4682
ro_to_ka,45,0.2222,0.4204,0.3333,0.4767
ro_to_ko,45,0.4889,0.5055,0.3778,0.4903
ro_to_lt,45,0.4222,0.4995,0.3556,0.4841
ro_to_lv,45,0.2889,0.4584,0.2667,0.4472
ro_to_ms,45,0.4667,0.5045,0.4444,0.5025
ro_to_mt,45,0.3556,0.4841,0.3333,0.4767
ro_to_nl,45,0.3111,0.4682,0.3778,0.4903
ro_to_no,45,0.4,0.4954,0.3556,0.4841
ro_to_pl,45,0.4444,0.5025,0.5111,0.5055
ro_to_pt,45,0.5556,0.5025,0.5556,0.5025
ro_to_ru,45,0.5111,0.5055,0.4,0.4954
ro_to_sk,45,0.4444,0.5025,0.4889,0.5055
ro_to_sl,45,0.4444,0.5025,0.4889,0.5055
ro_to_sr,45,0.4444,0.5025,0.4,0.4954
ro_to_sv,45,0.4889,0.5055,0.3778,0.4903
ro_to_sw,45,0.3556,0.4841,0.3556,0.4841
ro_to_ta,45,0.3556,0.4841,0.3556,0.4841
ro_to_th,45,0.3333,0.4767,0.4444,0.5025
ro_to_tl,45,0.4667,0.5045,0.3556,0.4841
ro_to_tr,45,0.3556,0.4841,0.4444,0.5025
ro_to_uk,45,0.4667,0.5045,0.4222,0.4995
ro_to_uz,45,0.2667,0.4472,0.2667,0.4472
ro_to_vi,45,0.3333,0.4767,0.4222,0.4995
ro_to_zh,45,0.4,0.4954,0.3778,0.4903
ru_to_am,45,0.4,0.4954,0.3111,0.4682
ru_to_ar,45,0.4,0.4954,0.3556,0.4841
ru_to_bg,45,0.3111,0.4682,0.4,0.4954
ru_to_bn,45,0.4,0.4954,0.4,0.4954
ru_to_bs,45,0.4,0.4954,0.4889,0.5055
ru_to_cs,45,0.2889,0.4584,0.3111,0.4682
ru_to_cy,45,0.2889,0.4584,0.2889,0.4584
ru_to_da,45,0.5333,0.5045,0.4222,0.4995
ru_to_de,45,0.5556,0.5025,0.3556,0.4841
ru_to_el,45,0.3111,0.4682,0.4222,0.4995
ru_to_en,45,0.5333,0.5045,0.5556,0.5025
ru_to_es,45,0.5111,0.5055,0.4889,0.5055
ru_to_et,45,0.4,0.4954,0.3556,0.4841
ru_to_fa,45,0.5333,0.5045,0.4222,0.4995
ru_to_fi,45,0.3556,0.4841,0.3111,0.4682
ru_to_fr,45,0.4,0.4954,0.5111,0.5055
ru_to_ga,45,0.2667,0.4472,0.2889,0.4584
ru_to_he,45,0.4444,0.5025,0.3333,0.4767
ru_to_hi,45,0.4444,0.5025,0.3111,0.4682
ru_to_hr,45,0.3111,0.4682,0.3111,0.4682
ru_to_hu,45,0.4,0.4954,0.4222,0.4995
ru_to_id,45,0.3111,0.4682,0.6444,0.4841
ru_to_is,45,0.3778,0.4903,0.3333,0.4767
ru_to_it,45,0.4444,0.5025,0.5333,0.5045
ru_to_ja,45,0.4667,0.5045,0.4889,0.5055
ru_to_ka,45,0.2444,0.4346,0.3333,0.4767
ru_to_ko,45,0.4667,0.5045,0.5111,0.5055
ru_to_lt,45,0.3778,0.4903,0.3333,0.4767
ru_to_lv,45,0.3778,0.4903,0.4222,0.4995
ru_to_ms,45,0.3556,0.4841,0.2667,0.4472
ru_to_mt,45,0.2222,0.4204,0.2667,0.4472
ru_to_nl,45,0.3778,0.4903,0.4667,0.5045
ru_to_no,45,0.4444,0.5025,0.3778,0.4903
ru_to_pl,45,0.3778,0.4903,0.3778,0.4903
ru_to_pt,45,0.4222,0.4995,0.4889,0.5055
ru_to_ro,45,0.4444,0.5025,0.6,0.4954
ru_to_sk,45,0.2667,0.4472,0.4889,0.5055
ru_to_sl,45,0.2667,0.4472,0.3111,0.4682
ru_to_sr,45,0.4222,0.4995,0.3556,0.4841
ru_to_sv,45,0.6222,0.4903,0.3778,0.4903
ru_to_sw,45,0.5333,0.5045,0.4,0.4954
ru_to_ta,45,0.2444,0.4346,0.3556,0.4841
ru_to_th,45,0.4667,0.5045,0.3556,0.4841
ru_to_tl,45,0.4,0.4954,0.3111,0.4682
ru_to_tr,45,0.4222,0.4995,0.5111,0.5055
ru_to_uk,45,0.4444,0.5025,0.4222,0.4995
ru_to_uz,45,0.2889,0.4584,0.2889,0.4584
ru_to_vi,45,0.3333,0.4767,0.4,0.4954
ru_to_zh,45,0.5556,0.5025,0.4222,0.4995
sk_to_am,45,0.2889,0.4584,0.2222,0.4204
sk_to_ar,45,0.3556,0.4841,0.4667,0.5045
sk_to_bg,45,0.4,0.4954,0.4,0.4954
sk_to_bn,45,0.2222,0.4204,0.3111,0.4682
sk_to_bs,45,0.5556,0.5025,0.4222,0.4995
sk_to_cs,45,0.3556,0.4841,0.3333,0.4767
sk_to_cy,45,0.3556,0.4841,0.3333,0.4767
sk_to_da,45,0.4222,0.4995,0.3778,0.4903
sk_to_de,45,0.5111,0.5055,0.4,0.4954
sk_to_el,45,0.4444,0.5025,0.3778,0.4903
sk_to_en,45,0.5556,0.5025,0.5333,0.5045
sk_to_es,45,0.4667,0.5045,0.5556,0.5025
sk_to_et,45,0.3556,0.4841,0.3333,0.4767
sk_to_fa,45,0.4222,0.4995,0.4444,0.5025
sk_to_fi,45,0.2889,0.4584,0.3333,0.4767
sk_to_fr,45,0.5333,0.5045,0.5556,0.5025
sk_to_ga,45,0.3111,0.4682,0.3778,0.4903
sk_to_he,45,0.3778,0.4903,0.3778,0.4903
sk_to_hi,45,0.4222,0.4995,0.2444,0.4346
sk_to_hr,45,0.4,0.4954,0.3556,0.4841
sk_to_hu,45,0.3333,0.4767,0.4,0.4954
sk_to_id,45,0.3556,0.4841,0.3333,0.4767
sk_to_is,45,0.2889,0.4584,0.2889,0.4584
sk_to_it,45,0.5333,0.5045,0.4889,0.5055
sk_to_ja,45,0.3778,0.4903,0.2889,0.4584
sk_to_ka,45,0.2444,0.4346,0.3333,0.4767
sk_to_ko,45,0.4444,0.5025,0.4889,0.5055
sk_to_lt,45,0.2,0.4045,0.2889,0.4584
sk_to_lv,45,0.4889,0.5055,0.3111,0.4682
sk_to_ms,45,0.3333,0.4767,0.5556,0.5025
sk_to_mt,45,0.3333,0.4767,0.3111,0.4682
sk_to_nl,45,0.3556,0.4841,0.3778,0.4903
sk_to_no,45,0.4222,0.4995,0.4667,0.5045
sk_to_pl,45,0.4,0.4954,0.3778,0.4903
sk_to_pt,45,0.5333,0.5045,0.4667,0.5045
sk_to_ro,45,0.3778,0.4903,0.2889,0.4584
sk_to_ru,45,0.4222,0.4995,0.4667,0.5045
sk_to_sl,45,0.3556,0.4841,0.3556,0.4841
sk_to_sr,45,0.3556,0.4841,0.4222,0.4995
sk_to_sv,45,0.3778,0.4903,0.3556,0.4841
sk_to_sw,45,0.3556,0.4841,0.3111,0.4682
sk_to_ta,45,0.4222,0.4995,0.3333,0.4767
sk_to_th,45,0.2222,0.4204,0.3556,0.4841
sk_to_tl,45,0.3556,0.4841,0.2444,0.4346
sk_to_tr,45,0.3778,0.4903,0.4889,0.5055
sk_to_uk,45,0.3778,0.4903,0.4444,0.5025
sk_to_uz,45,0.4889,0.5055,0.4667,0.5045
sk_to_vi,45,0.2222,0.4204,0.1778,0.3866
sk_to_zh,45,0.5333,0.5045,0.4444,0.5025
sl_to_am,45,0.2667,0.4472,0.2222,0.4204
sl_to_ar,45,0.4444,0.5025,0.3778,0.4903
sl_to_bg,45,0.2889,0.4584,0.3556,0.4841
sl_to_bn,45,0.3778,0.4903,0.2667,0.4472
sl_to_bs,45,0.3778,0.4903,0.4222,0.4995
sl_to_cs,45,0.3778,0.4903,0.4889,0.5055
sl_to_cy,45,0.4,0.4954,0.4667,0.5045
sl_to_da,45,0.3778,0.4903,0.4222,0.4995
sl_to_de,45,0.4,0.4954,0.3556,0.4841
sl_to_el,45,0.3333,0.4767,0.4444,0.5025
sl_to_en,45,0.3778,0.4903,0.4444,0.5025
sl_to_es,45,0.4889,0.5055,0.4,0.4954
sl_to_et,45,0.2889,0.4584,0.2444,0.4346
sl_to_fa,45,0.2222,0.4204,0.3556,0.4841
sl_to_fi,45,0.3556,0.4841,0.4,0.4954
sl_to_fr,45,0.4444,0.5025,0.4444,0.5025
sl_to_ga,45,0.4,0.4954,0.3333,0.4767
sl_to_he,45,0.4,0.4954,0.3333,0.4767
sl_to_hi,45,0.3111,0.4682,0.3556,0.4841
sl_to_hr,45,0.3778,0.4903,0.2889,0.4584
sl_to_hu,45,0.3333,0.4767,0.4444,0.5025
sl_to_id,45,0.4889,0.5055,0.4667,0.5045
sl_to_is,45,0.3778,0.4903,0.2889,0.4584
sl_to_it,45,0.3333,0.4767,0.3333,0.4767
sl_to_ja,45,0.2889,0.4584,0.4222,0.4995
sl_to_ka,45,0.4444,0.5025,0.2222,0.4204
sl_to_ko,45,0.3778,0.4903,0.3333,0.4767
sl_to_lt,45,0.3778,0.4903,0.3111,0.4682
sl_to_lv,45,0.2889,0.4584,0.3333,0.4767
sl_to_ms,45,0.4222,0.4995,0.4667,0.5045
sl_to_mt,45,0.4222,0.4995,0.2444,0.4346
sl_to_nl,45,0.3556,0.4841,0.4,0.4954
sl_to_no,45,0.4,0.4954,0.4889,0.5055
sl_to_pl,45,0.3556,0.4841,0.4,0.4954
sl_to_pt,45,0.5556,0.5025,0.3556,0.4841
sl_to_ro,45,0.4667,0.5045,0.3333,0.4767
sl_to_ru,45,0.2667,0.4472,0.3333,0.4767
sl_to_sk,45,0.3333,0.4767,0.3778,0.4903
sl_to_sr,45,0.4222,0.4995,0.4,0.4954
sl_to_sv,45,0.4889,0.5055,0.4222,0.4995
sl_to_sw,45,0.3333,0.4767,0.3778,0.4903
sl_to_ta,45,0.3778,0.4903,0.4667,0.5045
sl_to_th,45,0.5556,0.5025,0.4444,0.5025
sl_to_tl,45,0.3111,0.4682,0.2667,0.4472
sl_to_tr,45,0.3556,0.4841,0.2889,0.4584
sl_to_uk,45,0.3556,0.4841,0.4,0.4954
sl_to_uz,45,0.3778,0.4903,0.2444,0.4346
sl_to_vi,45,0.3333,0.4767,0.3111,0.4682
sl_to_zh,45,0.5111,0.5055,0.3778,0.4903
sr_to_am,45,0.3333,0.4767,0.2444,0.4346
sr_to_ar,45,0.5111,0.5055,0.4,0.4954
sr_to_bg,45,0.6222,0.4903,0.4889,0.5055
sr_to_bn,45,0.5111,0.5055,0.5111,0.5055
sr_to_bs,45,0.3778,0.4903,0.4,0.4954
sr_to_cs,45,0.3333,0.4767,0.3111,0.4682
sr_to_cy,45,0.3556,0.4841,0.4,0.4954
sr_to_da,45,0.5333,0.5045,0.5111,0.5055
sr_to_de,45,0.3333,0.4767,0.2667,0.4472
sr_to_el,45,0.3556,0.4841,0.3778,0.4903
sr_to_en,45,0.5556,0.5025,0.5111,0.5055
sr_to_es,45,0.4,0.4954,0.3333,0.4767
sr_to_et,45,0.1556,0.3665,0.2444,0.4346
sr_to_fa,45,0.2444,0.4346,0.2889,0.4584
sr_to_fi,45,0.3778,0.4903,0.3556,0.4841
sr_to_fr,45,0.4222,0.4995,0.3333,0.4767
sr_to_ga,45,0.2889,0.4584,0.2667,0.4472
sr_to_he,45,0.4,0.4954,0.3333,0.4767
sr_to_hi,45,0.4444,0.5025,0.3556,0.4841
sr_to_hr,45,0.3778,0.4903,0.3111,0.4682
sr_to_hu,45,0.5111,0.5055,0.4222,0.4995
sr_to_id,45,0.3556,0.4841,0.3333,0.4767
sr_to_is,45,0.3111,0.4682,0.3111,0.4682
sr_to_it,45,0.3111,0.4682,0.3333,0.4767
sr_to_ja,45,0.4444,0.5025,0.2444,0.4346
sr_to_ka,45,0.4,0.4954,0.2889,0.4584
sr_to_ko,45,0.3556,0.4841,0.3778,0.4903
sr_to_lt,45,0.3778,0.4903,0.4,0.4954
sr_to_lv,45,0.4444,0.5025,0.3333,0.4767
sr_to_ms,45,0.4,0.4954,0.3778,0.4903
sr_to_mt,45,0.2889,0.4584,0.2667,0.4472
sr_to_nl,45,0.4222,0.4995,0.4444,0.5025
sr_to_no,45,0.4667,0.5045,0.4222,0.4995
sr_to_pl,45,0.5333,0.5045,0.5778,0.4995
sr_to_pt,45,0.4222,0.4995,0.4889,0.5055
sr_to_ro,45,0.3778,0.4903,0.4,0.4954
sr_to_ru,45,0.4667,0.5045,0.3556,0.4841
sr_to_sk,45,0.4667,0.5045,0.3556,0.4841
sr_to_sl,45,0.4667,0.5045,0.5333,0.5045
sr_to_sv,45,0.3778,0.4903,0.3778,0.4903
sr_to_sw,45,0.4222,0.4995,0.3778,0.4903
sr_to_ta,45,0.3333,0.4767,0.3111,0.4682
sr_to_th,45,0.4444,0.5025,0.5111,0.5055
sr_to_tl,45,0.3111,0.4682,0.3778,0.4903
sr_to_tr,45,0.3333,0.4767,0.3111,0.4682
sr_to_uk,45,0.4444,0.5025,0.4222,0.4995
sr_to_uz,45,0.2889,0.4584,0.3333,0.4767
sr_to_vi,45,0.1778,0.3866,0.3111,0.4682
sr_to_zh,45,0.4889,0.5055,0.4444,0.5025
sv_to_am,45,0.3111,0.4682,0.2222,0.4204
sv_to_ar,45,0.3556,0.4841,0.4444,0.5025
sv_to_bg,45,0.4444,0.5025,0.3333,0.4767
sv_to_bn,45,0.3333,0.4767,0.4,0.4954
sv_to_bs,45,0.4,0.4954,0.3778,0.4903
sv_to_cs,45,0.3778,0.4903,0.3556,0.4841
sv_to_cy,45,0.3111,0.4682,0.2667,0.4472
sv_to_da,45,0.3778,0.4903,0.5556,0.5025
sv_to_de,45,0.4667,0.5045,0.4889,0.5055
sv_to_el,45,0.6222,0.4903,0.3556,0.4841
sv_to_en,45,0.5556,0.5025,0.5556,0.5025
sv_to_es,45,0.4889,0.5055,0.5333,0.5045
sv_to_et,45,0.3111,0.4682,0.3778,0.4903
sv_to_fa,45,0.3333,0.4767,0.3111,0.4682
sv_to_fi,45,0.3556,0.4841,0.4222,0.4995
sv_to_fr,45,0.3333,0.4767,0.4,0.4954
sv_to_ga,45,0.2444,0.4346,0.2667,0.4472
sv_to_he,45,0.3333,0.4767,0.3111,0.4682
sv_to_hi,45,0.4222,0.4995,0.4222,0.4995
sv_to_hr,45,0.4222,0.4995,0.3111,0.4682
sv_to_hu,45,0.4444,0.5025,0.3778,0.4903
sv_to_id,45,0.5111,0.5055,0.4889,0.5055
sv_to_is,45,0.2889,0.4584,0.4222,0.4995
sv_to_it,45,0.3778,0.4903,0.4,0.4954
sv_to_ja,45,0.4889,0.5055,0.3333,0.4767
sv_to_ka,45,0.2222,0.4204,0.3778,0.4903
sv_to_ko,45,0.4,0.4954,0.2222,0.4204
sv_to_lt,45,0.3111,0.4682,0.3556,0.4841
sv_to_lv,45,0.3333,0.4767,0.2667,0.4472
sv_to_ms,45,0.3778,0.4903,0.4889,0.5055
sv_to_mt,45,0.3111,0.4682,0.2,0.4045
sv_to_nl,45,0.3333,0.4767,0.3778,0.4903
sv_to_no,45,0.4222,0.4995,0.3778,0.4903
sv_to_pl,45,0.4,0.4954,0.2222,0.4204
sv_to_pt,45,0.6,0.4954,0.3556,0.4841
sv_to_ro,45,0.3778,0.4903,0.3778,0.4903
sv_to_ru,45,0.3778,0.4903,0.3778,0.4903
sv_to_sk,45,0.3778,0.4903,0.3556,0.4841
sv_to_sl,45,0.4444,0.5025,0.3111,0.4682
sv_to_sr,45,0.4444,0.5025,0.2889,0.4584
sv_to_sw,45,0.5333,0.5045,0.2889,0.4584
sv_to_ta,45,0.5333,0.5045,0.2667,0.4472
sv_to_th,45,0.3778,0.4903,0.2667,0.4472
sv_to_tl,45,0.3556,0.4841,0.2667,0.4472
sv_to_tr,45,0.4444,0.5025,0.4,0.4954
sv_to_uk,45,0.2889,0.4584,0.3333,0.4767
sv_to_uz,45,0.2667,0.4472,0.3111,0.4682
sv_to_vi,45,0.3333,0.4767,0.3333,0.4767
sv_to_zh,45,0.5111,0.5055,0.5333,0.5045
sw_to_am,45,0.1111,0.3178,0.0667,0.2523
sw_to_ar,45,0.3556,0.4841,0.4,0.4954
sw_to_bg,45,0.4667,0.5045,0.2667,0.4472
sw_to_bn,45,0.2222,0.4204,0.2,0.4045
sw_to_bs,45,0.4222,0.4995,0.4444,0.5025
sw_to_cs,45,0.3778,0.4903,0.4,0.4954
sw_to_cy,45,0.2444,0.4346,0.2444,0.4346
sw_to_da,45,0.4667,0.5045,0.4444,0.5025
sw_to_de,45,0.3778,0.4903,0.4222,0.4995
sw_to_el,45,0.4222,0.4995,0.2667,0.4472
sw_to_en,45,0.5333,0.5045,0.5111,0.5055
sw_to_es,45,0.4889,0.5055,0.2889,0.4584
sw_to_et,45,0.3333,0.4767,0.2667,0.4472
sw_to_fa,45,0.2889,0.4584,0.3778,0.4903
sw_to_fi,45,0.4444,0.5025,0.3333,0.4767
sw_to_fr,45,0.4,0.4954,0.4,0.4954
sw_to_ga,45,0.3556,0.4841,0.2,0.4045
sw_to_he,45,0.4222,0.4995,0.3111,0.4682
sw_to_hi,45,0.2667,0.4472,0.2667,0.4472
sw_to_hr,45,0.3778,0.4903,0.4,0.4954
sw_to_hu,45,0.4667,0.5045,0.3556,0.4841
sw_to_id,45,0.3778,0.4903,0.3111,0.4682
sw_to_is,45,0.2889,0.4584,0.2444,0.4346
sw_to_it,45,0.5333,0.5045,0.5333,0.5045
sw_to_ja,45,0.4889,0.5055,0.2667,0.4472
sw_to_ka,45,0.3333,0.4767,0.4444,0.5025
sw_to_ko,45,0.3556,0.4841,0.2667,0.4472
sw_to_lt,45,0.4444,0.5025,0.3333,0.4767
sw_to_lv,45,0.2444,0.4346,0.2444,0.4346
sw_to_ms,45,0.3111,0.4682,0.3111,0.4682
sw_to_mt,45,0.3556,0.4841,0.3556,0.4841
sw_to_nl,45,0.3556,0.4841,0.3333,0.4767
sw_to_no,45,0.4444,0.5025,0.4444,0.5025
sw_to_pl,45,0.3111,0.4682,0.4222,0.4995
sw_to_pt,45,0.3778,0.4903,0.4667,0.5045
sw_to_ro,45,0.3333,0.4767,0.4889,0.5055
sw_to_ru,45,0.3556,0.4841,0.4,0.4954
sw_to_sk,45,0.4,0.4954,0.3556,0.4841
sw_to_sl,45,0.3556,0.4841,0.3778,0.4903
sw_to_sr,45,0.3111,0.4682,0.3333,0.4767
sw_to_sv,45,0.4444,0.5025,0.4,0.4954
sw_to_ta,45,0.4444,0.5025,0.3556,0.4841
sw_to_th,45,0.5111,0.5055,0.4222,0.4995
sw_to_tl,45,0.2889,0.4584,0.3778,0.4903
sw_to_tr,45,0.4444,0.5025,0.3778,0.4903
sw_to_uk,45,0.4,0.4954,0.2889,0.4584
sw_to_uz,45,0.4,0.4954,0.2667,0.4472
sw_to_vi,45,0.4444,0.5025,0.3556,0.4841
sw_to_zh,45,0.4667,0.5045,0.3556,0.4841
ta_to_am,45,0.2222,0.4204,0.2,0.4045
ta_to_ar,45,0.4222,0.4995,0.4222,0.4995
ta_to_bg,45,0.4222,0.4995,0.4222,0.4995
ta_to_bn,45,0.5111,0.5055,0.4667,0.5045
ta_to_bs,45,0.3556,0.4841,0.6,0.4954
ta_to_cs,45,0.4,0.4954,0.3778,0.4903
ta_to_cy,45,0.4222,0.4995,0.2222,0.4204
ta_to_da,45,0.4222,0.4995,0.3333,0.4767
ta_to_de,45,0.5111,0.5055,0.4,0.4954
ta_to_el,45,0.4,0.4954,0.4,0.4954
ta_to_en,45,0.5111,0.5055,0.4444,0.5025
ta_to_es,45,0.3556,0.4841,0.4,0.4954
ta_to_et,45,0.3556,0.4841,0.1333,0.3438
ta_to_fa,45,0.2667,0.4472,0.4,0.4954
ta_to_fi,45,0.2667,0.4472,0.4889,0.5055
ta_to_fr,45,0.4,0.4954,0.4222,0.4995
ta_to_ga,45,0.3778,0.4903,0.2667,0.4472
ta_to_he,45,0.3111,0.4682,0.2889,0.4584
ta_to_hi,45,0.2889,0.4584,0.2444,0.4346
ta_to_hr,45,0.2444,0.4346,0.4,0.4954
ta_to_hu,45,0.4,0.4954,0.3111,0.4682
ta_to_id,45,0.3556,0.4841,0.3333,0.4767
ta_to_is,45,0.4667,0.5045,0.1778,0.3866
ta_to_it,45,0.3556,0.4841,0.3556,0.4841
ta_to_ja,45,0.4,0.4954,0.3333,0.4767
ta_to_ka,45,0.2667,0.4472,0.1778,0.3866
ta_to_ko,45,0.4222,0.4995,0.3556,0.4841
ta_to_lt,45,0.3333,0.4767,0.3333,0.4767
ta_to_lv,45,0.2889,0.4584,0.3556,0.4841
ta_to_ms,45,0.3556,0.4841,0.3556,0.4841
ta_to_mt,45,0.4667,0.5045,0.3778,0.4903
ta_to_nl,45,0.5111,0.5055,0.4,0.4954
ta_to_no,45,0.5556,0.5025,0.5111,0.5055
ta_to_pl,45,0.3333,0.4767,0.5111,0.5055
ta_to_pt,45,0.5333,0.5045,0.4222,0.4995
ta_to_ro,45,0.2,0.4045,0.4222,0.4995
ta_to_ru,45,0.3556,0.4841,0.3778,0.4903
ta_to_sk,45,0.4222,0.4995,0.2444,0.4346
ta_to_sl,45,0.2889,0.4584,0.2889,0.4584
ta_to_sr,45,0.3556,0.4841,0.4222,0.4995
ta_to_sv,45,0.5111,0.5055,0.4,0.4954
ta_to_sw,45,0.4889,0.5055,0.3111,0.4682
ta_to_th,45,0.5333,0.5045,0.4667,0.5045
ta_to_tl,45,0.4222,0.4995,0.2444,0.4346
ta_to_tr,45,0.3556,0.4841,0.4,0.4954
ta_to_uk,45,0.5556,0.5025,0.4667,0.5045
ta_to_uz,45,0.3111,0.4682,0.3111,0.4682
ta_to_vi,45,0.2222,0.4204,0.4222,0.4995
ta_to_zh,45,0.5111,0.5055,0.4444,0.5025
th_to_am,45,0.2889,0.4584,0.1111,0.3178
th_to_ar,45,0.2667,0.4472,0.3111,0.4682
th_to_bg,45,0.3556,0.4841,0.3778,0.4903
th_to_bn,45,0.4444,0.5025,0.4667,0.5045
th_to_bs,45,0.3333,0.4767,0.2222,0.4204
th_to_cs,45,0.4,0.4954,0.4444,0.5025
th_to_cy,45,0.4222,0.4995,0.3778,0.4903
th_to_da,45,0.4222,0.4995,0.3778,0.4903
th_to_de,45,0.3556,0.4841,0.3333,0.4767
th_to_el,45,0.4444,0.5025,0.4667,0.5045
th_to_en,45,0.6,0.4954,0.4667,0.5045
th_to_es,45,0.4222,0.4995,0.5778,0.4995
th_to_et,45,0.3556,0.4841,0.3778,0.4903
th_to_fa,45,0.4,0.4954,0.4667,0.5045
th_to_fi,45,0.3333,0.4767,0.4222,0.4995
th_to_fr,45,0.4444,0.5025,0.4222,0.4995
th_to_ga,45,0.3333,0.4767,0.2444,0.4346
th_to_he,45,0.4889,0.5055,0.5111,0.5055
th_to_hi,45,0.2222,0.4204,0.4,0.4954
th_to_hr,45,0.3556,0.4841,0.3556,0.4841
th_to_hu,45,0.3778,0.4903,0.3333,0.4767
th_to_id,45,0.4667,0.5045,0.5111,0.5055
th_to_is,45,0.4,0.4954,0.3111,0.4682
th_to_it,45,0.4222,0.4995,0.4667,0.5045
th_to_ja,45,0.3778,0.4903,0.3111,0.4682
th_to_ka,45,0.2,0.4045,0.3778,0.4903
th_to_ko,45,0.3111,0.4682,0.4889,0.5055
th_to_lt,45,0.3333,0.4767,0.3556,0.4841
th_to_lv,45,0.3333,0.4767,0.3333,0.4767
th_to_ms,45,0.3556,0.4841,0.5111,0.5055
th_to_mt,45,0.4444,0.5025,0.3556,0.4841
th_to_nl,45,0.4444,0.5025,0.5556,0.5025
th_to_no,45,0.5778,0.4995,0.4222,0.4995
th_to_pl,45,0.4667,0.5045,0.3778,0.4903
th_to_pt,45,0.5333,0.5045,0.4,0.4954
th_to_ro,45,0.4,0.4954,0.4222,0.4995
th_to_ru,45,0.4667,0.5045,0.3778,0.4903
th_to_sk,45,0.3333,0.4767,0.3778,0.4903
th_to_sl,45,0.3333,0.4767,0.3111,0.4682
th_to_sr,45,0.4,0.4954,0.3556,0.4841
th_to_sv,45,0.3333,0.4767,0.3778,0.4903
th_to_sw,45,0.3556,0.4841,0.2889,0.4584
th_to_ta,45,0.4667,0.5045,0.4667,0.5045
th_to_tl,45,0.4222,0.4995,0.2667,0.4472
th_to_tr,45,0.4222,0.4995,0.2444,0.4346
th_to_uk,45,0.3556,0.4841,0.3556,0.4841
th_to_uz,45,0.3111,0.4682,0.3778,0.4903
th_to_vi,45,0.3333,0.4767,0.4444,0.5025
th_to_zh,45,0.4667,0.5045,0.4889,0.5055
tl_to_am,45,0.3111,0.4682,0.3778,0.4903
tl_to_ar,45,0.4667,0.5045,0.4222,0.4995
tl_to_bg,45,0.5333,0.5045,0.4222,0.4995
tl_to_bn,45,0.4222,0.4995,0.3333,0.4767
tl_to_bs,45,0.4,0.4954,0.4,0.4954
tl_to_cs,45,0.2667,0.4472,0.4,0.4954
tl_to_cy,45,0.3556,0.4841,0.3333,0.4767
tl_to_da,45,0.3778,0.4903,0.4222,0.4995
tl_to_de,45,0.4444,0.5025,0.4444,0.5025
tl_to_el,45,0.4,0.4954,0.3111,0.4682
tl_to_en,45,0.5333,0.5045,0.5778,0.4995
tl_to_es,45,0.4222,0.4995,0.4444,0.5025
tl_to_et,45,0.3333,0.4767,0.2667,0.4472
tl_to_fa,45,0.2444,0.4346,0.3778,0.4903
tl_to_fi,45,0.3333,0.4767,0.3111,0.4682
tl_to_fr,45,0.3556,0.4841,0.4,0.4954
tl_to_ga,45,0.2889,0.4584,0.3333,0.4767
tl_to_he,45,0.4222,0.4995,0.3333,0.4767
tl_to_hi,45,0.3333,0.4767,0.4222,0.4995
tl_to_hr,45,0.2222,0.4204,0.3111,0.4682
tl_to_hu,45,0.2444,0.4346,0.3111,0.4682
tl_to_id,45,0.4,0.4954,0.3778,0.4903
tl_to_is,45,0.3333,0.4767,0.2889,0.4584
tl_to_it,45,0.5111,0.5055,0.5778,0.4995
tl_to_ja,45,0.4444,0.5025,0.2,0.4045
tl_to_ka,45,0.2889,0.4584,0.3778,0.4903
tl_to_ko,45,0.3556,0.4841,0.4444,0.5025
tl_to_lt,45,0.4222,0.4995,0.2889,0.4584
tl_to_lv,45,0.3111,0.4682,0.3333,0.4767
tl_to_ms,45,0.4,0.4954,0.4,0.4954
tl_to_mt,45,0.3333,0.4767,0.3333,0.4767
tl_to_nl,45,0.4889,0.5055,0.2889,0.4584
tl_to_no,45,0.2444,0.4346,0.2,0.4045
tl_to_pl,45,0.4444,0.5025,0.3333,0.4767
tl_to_pt,45,0.4222,0.4995,0.4,0.4954
tl_to_ro,45,0.3111,0.4682,0.4,0.4954
tl_to_ru,45,0.4667,0.5045,0.4667,0.5045
tl_to_sk,45,0.4,0.4954,0.3333,0.4767
tl_to_sl,45,0.4,0.4954,0.3111,0.4682
tl_to_sr,45,0.3778,0.4903,0.4889,0.5055
tl_to_sv,45,0.4,0.4954,0.4,0.4954
tl_to_sw,45,0.4889,0.5055,0.2889,0.4584
tl_to_ta,45,0.4444,0.5025,0.3111,0.4682
tl_to_th,45,0.3333,0.4767,0.3556,0.4841
tl_to_tr,45,0.3556,0.4841,0.4667,0.5045
tl_to_uk,45,0.3333,0.4767,0.3556,0.4841
tl_to_uz,45,0.3778,0.4903,0.2222,0.4204
tl_to_vi,45,0.3556,0.4841,0.3778,0.4903
tl_to_zh,45,0.5111,0.5055,0.5111,0.5055
tr_to_am,45,0.2889,0.4584,0.2,0.4045
tr_to_ar,45,0.4,0.4954,0.3111,0.4682
tr_to_bg,45,0.4,0.4954,0.4,0.4954
tr_to_bn,45,0.5556,0.5025,0.3111,0.4682
tr_to_bs,45,0.3111,0.4682,0.4444,0.5025
tr_to_cs,45,0.4,0.4954,0.4,0.4954
tr_to_cy,45,0.2889,0.4584,0.2889,0.4584
tr_to_da,45,0.5111,0.5055,0.5111,0.5055
tr_to_de,45,0.4889,0.5055,0.5111,0.5055
tr_to_el,45,0.4,0.4954,0.4,0.4954
tr_to_en,45,0.4889,0.5055,0.5333,0.5045
tr_to_es,45,0.4444,0.5025,0.4667,0.5045
tr_to_et,45,0.2889,0.4584,0.2222,0.4204
tr_to_fa,45,0.1778,0.3866,0.2889,0.4584
tr_to_fi,45,0.3556,0.4841,0.3778,0.4903
tr_to_fr,45,0.4,0.4954,0.4444,0.5025
tr_to_ga,45,0.2889,0.4584,0.2667,0.4472
tr_to_he,45,0.4222,0.4995,0.2889,0.4584
tr_to_hi,45,0.3333,0.4767,0.2444,0.4346
tr_to_hr,45,0.3778,0.4903,0.4,0.4954
tr_to_hu,45,0.4,0.4954,0.3778,0.4903
tr_to_id,45,0.3778,0.4903,0.3556,0.4841
tr_to_is,45,0.3111,0.4682,0.2889,0.4584
tr_to_it,45,0.4222,0.4995,0.5778,0.4995
tr_to_ja,45,0.3556,0.4841,0.3333,0.4767
tr_to_ka,45,0.3333,0.4767,0.3556,0.4841
tr_to_ko,45,0.6,0.4954,0.4,0.4954
tr_to_lt,45,0.3556,0.4841,0.3778,0.4903
tr_to_lv,45,0.3778,0.4903,0.3111,0.4682
tr_to_ms,45,0.3556,0.4841,0.3778,0.4903
tr_to_mt,45,0.3111,0.4682,0.3778,0.4903
tr_to_nl,45,0.5111,0.5055,0.4222,0.4995
tr_to_no,45,0.4667,0.5045,0.3556,0.4841
tr_to_pl,45,0.3778,0.4903,0.5333,0.5045
tr_to_pt,45,0.4,0.4954,0.4444,0.5025
tr_to_ro,45,0.3111,0.4682,0.3333,0.4767
tr_to_ru,45,0.3111,0.4682,0.3778,0.4903
tr_to_sk,45,0.3333,0.4767,0.4,0.4954
tr_to_sl,45,0.4,0.4954,0.3111,0.4682
tr_to_sr,45,0.3556,0.4841,0.2889,0.4584
tr_to_sv,45,0.3556,0.4841,0.4667,0.5045
tr_to_sw,45,0.2667,0.4472,0.2667,0.4472
tr_to_ta,45,0.3778,0.4903,0.2444,0.4346
tr_to_th,45,0.4222,0.4995,0.4667,0.5045
tr_to_tl,45,0.4,0.4954,0.3778,0.4903
tr_to_uk,45,0.2222,0.4204,0.3556,0.4841
tr_to_uz,45,0.4667,0.5045,0.3778,0.4903
tr_to_vi,45,0.3333,0.4767,0.2222,0.4204
tr_to_zh,45,0.6222,0.4903,0.4667,0.5045
uk_to_am,45,0.3778,0.4903,0.1778,0.3866
uk_to_ar,45,0.3556,0.4841,0.2222,0.4204
uk_to_bg,45,0.3556,0.4841,0.3778,0.4903
uk_to_bn,45,0.4,0.4954,0.3111,0.4682
uk_to_bs,45,0.4444,0.5025,0.4222,0.4995
uk_to_cs,45,0.2667,0.4472,0.3111,0.4682
uk_to_cy,45,0.2889,0.4584,0.2,0.4045
uk_to_da,45,0.4222,0.4995,0.5333,0.5045
uk_to_de,45,0.4222,0.4995,0.4222,0.4995
uk_to_el,45,0.4444,0.5025,0.4,0.4954
uk_to_en,45,0.5778,0.4995,0.3556,0.4841
uk_to_es,45,0.5333,0.5045,0.4444,0.5025
uk_to_et,45,0.2667,0.4472,0.2889,0.4584
uk_to_fa,45,0.4,0.4954,0.4222,0.4995
uk_to_fi,45,0.3111,0.4682,0.3333,0.4767
uk_to_fr,45,0.3333,0.4767,0.3556,0.4841
uk_to_ga,45,0.4222,0.4995,0.3111,0.4682
uk_to_he,45,0.3556,0.4841,0.4,0.4954
uk_to_hi,45,0.4222,0.4995,0.5111,0.5055
uk_to_hr,45,0.4,0.4954,0.4222,0.4995
uk_to_hu,45,0.4222,0.4995,0.3778,0.4903
uk_to_id,45,0.4,0.4954,0.4667,0.5045
uk_to_is,45,0.3333,0.4767,0.3556,0.4841
uk_to_it,45,0.4889,0.5055,0.4,0.4954
uk_to_ja,45,0.4444,0.5025,0.4444,0.5025
uk_to_ka,45,0.3333,0.4767,0.3556,0.4841
uk_to_ko,45,0.3778,0.4903,0.3778,0.4903
uk_to_lt,45,0.4222,0.4995,0.2667,0.4472
uk_to_lv,45,0.3111,0.4682,0.4444,0.5025
uk_to_ms,45,0.4667,0.5045,0.5111,0.5055
uk_to_mt,45,0.3111,0.4682,0.2889,0.4584
uk_to_nl,45,0.4222,0.4995,0.4667,0.5045
uk_to_no,45,0.4222,0.4995,0.5556,0.5025
uk_to_pl,45,0.3333,0.4767,0.4889,0.5055
uk_to_pt,45,0.6222,0.4903,0.5111,0.5055
uk_to_ro,45,0.3333,0.4767,0.3333,0.4767
uk_to_ru,45,0.4444,0.5025,0.4444,0.5025
uk_to_sk,45,0.3556,0.4841,0.3111,0.4682
uk_to_sl,45,0.2444,0.4346,0.3556,0.4841
uk_to_sr,45,0.4222,0.4995,0.4,0.4954
uk_to_sv,45,0.5333,0.5045,0.4222,0.4995
uk_to_sw,45,0.3333,0.4767,0.3556,0.4841
uk_to_ta,45,0.3778,0.4903,0.5111,0.5055
uk_to_th,45,0.4222,0.4995,0.4222,0.4995
uk_to_tl,45,0.3111,0.4682,0.2667,0.4472
uk_to_tr,45,0.3111,0.4682,0.3556,0.4841
uk_to_uz,45,0.4,0.4954,0.4,0.4954
uk_to_vi,45,0.3333,0.4767,0.4,0.4954
uk_to_zh,45,0.5778,0.4995,0.4222,0.4995
uz_to_am,45,0.2889,0.4584,0.2889,0.4584
uz_to_ar,45,0.2444,0.4346,0.3333,0.4767
uz_to_bg,45,0.4667,0.5045,0.3778,0.4903
uz_to_bn,45,0.3333,0.4767,0.3556,0.4841
uz_to_bs,45,0.3556,0.4841,0.3778,0.4903
uz_to_cs,45,0.3333,0.4767,0.3111,0.4682
uz_to_cy,45,0.3556,0.4841,0.3333,0.4767
uz_to_da,45,0.4222,0.4995,0.3778,0.4903
uz_to_de,45,0.3778,0.4903,0.4444,0.5025
uz_to_el,45,0.1778,0.3866,0.3778,0.4903
uz_to_en,45,0.4222,0.4995,0.5111,0.5055
uz_to_es,45,0.4,0.4954,0.3778,0.4903
uz_to_et,45,0.3778,0.4903,0.2889,0.4584
uz_to_fa,45,0.3111,0.4682,0.3333,0.4767
uz_to_fi,45,0.3111,0.4682,0.3111,0.4682
uz_to_fr,45,0.4889,0.5055,0.4444,0.5025
uz_to_ga,45,0.2667,0.4472,0.3111,0.4682
uz_to_he,45,0.3333,0.4767,0.3333,0.4767
uz_to_hi,45,0.5111,0.5055,0.3333,0.4767
uz_to_hr,45,0.3556,0.4841,0.3111,0.4682
uz_to_hu,45,0.3778,0.4903,0.3333,0.4767
uz_to_id,45,0.4222,0.4995,0.4889,0.5055
uz_to_is,45,0.2444,0.4346,0.2667,0.4472
uz_to_it,45,0.4667,0.5045,0.4667,0.5045
uz_to_ja,45,0.3333,0.4767,0.2889,0.4584
uz_to_ka,45,0.3778,0.4903,0.3778,0.4903
uz_to_ko,45,0.5556,0.5025,0.3333,0.4767
uz_to_lt,45,0.2889,0.4584,0.4222,0.4995
uz_to_lv,45,0.2889,0.4584,0.3333,0.4767
uz_to_ms,45,0.4667,0.5045,0.4,0.4954
uz_to_mt,45,0.3333,0.4767,0.2667,0.4472
uz_to_nl,45,0.3333,0.4767,0.4222,0.4995
uz_to_no,45,0.5111,0.5055,0.4,0.4954
uz_to_pl,45,0.2889,0.4584,0.4667,0.5045
uz_to_pt,45,0.4444,0.5025,0.3333,0.4767
uz_to_ro,45,0.5111,0.5055,0.4,0.4954
uz_to_ru,45,0.4444,0.5025,0.3333,0.4767
uz_to_sk,45,0.4444,0.5025,0.3556,0.4841
uz_to_sl,45,0.2667,0.4472,0.2667,0.4472
uz_to_sr,45,0.2444,0.4346,0.3778,0.4903
uz_to_sv,45,0.2667,0.4472,0.4444,0.5025
uz_to_sw,45,0.3111,0.4682,0.2889,0.4584
uz_to_ta,45,0.3778,0.4903,0.4667,0.5045
uz_to_th,45,0.4222,0.4995,0.3778,0.4903
uz_to_tl,45,0.3333,0.4767,0.3778,0.4903
uz_to_tr,45,0.4,0.4954,0.3111,0.4682
uz_to_uk,45,0.4222,0.4995,0.3556,0.4841
uz_to_vi,45,0.2444,0.4346,0.3556,0.4841
uz_to_zh,45,0.5111,0.5055,0.4222,0.4995
vi_to_am,45,0.2444,0.4346,0.1111,0.3178
vi_to_ar,45,0.3333,0.4767,0.2889,0.4584
vi_to_bg,45,0.3333,0.4767,0.3556,0.4841
vi_to_bn,45,0.2667,0.4472,0.3556,0.4841
vi_to_bs,45,0.4,0.4954,0.4,0.4954
vi_to_cs,45,0.4,0.4954,0.4,0.4954
vi_to_cy,45,0.3111,0.4682,0.2444,0.4346
vi_to_da,45,0.5333,0.5045,0.5111,0.5055
vi_to_de,45,0.4,0.4954,0.2444,0.4346
vi_to_el,45,0.5556,0.5025,0.4,0.4954
vi_to_en,45,0.4,0.4954,0.4222,0.4995
vi_to_es,45,0.4222,0.4995,0.4667,0.5045
vi_to_et,45,0.3556,0.4841,0.2889,0.4584
vi_to_fa,45,0.3111,0.4682,0.2889,0.4584
vi_to_fi,45,0.2889,0.4584,0.2889,0.4584
vi_to_fr,45,0.5333,0.5045,0.5778,0.4995
vi_to_ga,45,0.3111,0.4682,0.1556,0.3665
vi_to_he,45,0.3333,0.4767,0.3333,0.4767
vi_to_hi,45,0.2222,0.4204,0.4,0.4954
vi_to_hr,45,0.4667,0.5045,0.4444,0.5025
vi_to_hu,45,0.3556,0.4841,0.2667,0.4472
vi_to_id,45,0.4222,0.4995,0.4,0.4954
vi_to_is,45,0.2444,0.4346,0.2889,0.4584
vi_to_it,45,0.5556,0.5025,0.4889,0.5055
vi_to_ja,45,0.4667,0.5045,0.3556,0.4841
vi_to_ka,45,0.3333,0.4767,0.2889,0.4584
vi_to_ko,45,0.2667,0.4472,0.3556,0.4841
vi_to_lt,45,0.3556,0.4841,0.3111,0.4682
vi_to_lv,45,0.4222,0.4995,0.3111,0.4682
vi_to_ms,45,0.4,0.4954,0.3556,0.4841
vi_to_mt,45,0.2222,0.4204,0.2,0.4045
vi_to_nl,45,0.4222,0.4995,0.2889,0.4584
vi_to_no,45,0.4222,0.4995,0.3333,0.4767
vi_to_pl,45,0.4444,0.5025,0.4222,0.4995
vi_to_pt,45,0.4889,0.5055,0.4222,0.4995
vi_to_ro,45,0.4667,0.5045,0.3333,0.4767
vi_to_ru,45,0.4,0.4954,0.3333,0.4767
vi_to_sk,45,0.3778,0.4903,0.3778,0.4903
vi_to_sl,45,0.3556,0.4841,0.2,0.4045
vi_to_sr,45,0.3333,0.4767,0.3778,0.4903
vi_to_sv,45,0.3778,0.4903,0.4,0.4954
vi_to_sw,45,0.2,0.4045,0.2,0.4045
vi_to_ta,45,0.4,0.4954,0.4222,0.4995
vi_to_th,45,0.3333,0.4767,0.4667,0.5045
vi_to_tl,45,0.4444,0.5025,0.3556,0.4841
vi_to_tr,45,0.4667,0.5045,0.3556,0.4841
vi_to_uk,45,0.5778,0.4995,0.3556,0.4841
vi_to_uz,45,0.4222,0.4995,0.3111,0.4682
vi_to_zh,45,0.4667,0.5045,0.5111,0.5055
zh_to_am,45,0.4667,0.5045,0.2,0.4045
zh_to_ar,45,0.3778,0.4903,0.4222,0.4995
zh_to_bg,45,0.4,0.4954,0.3778,0.4903
zh_to_bn,45,0.3333,0.4767,0.3556,0.4841
zh_to_bs,45,0.4,0.4954,0.2444,0.4346
zh_to_cs,45,0.4444,0.5025,0.3556,0.4841
zh_to_cy,45,0.4222,0.4995,0.4,0.4954
zh_to_da,45,0.4667,0.5045,0.5333,0.5045
zh_to_de,45,0.4889,0.5055,0.5111,0.5055
zh_to_el,45,0.2889,0.4584,0.4444,0.5025
zh_to_en,45,0.6889,0.4682,0.6,0.4954
zh_to_es,45,0.4667,0.5045,0.4667,0.5045
zh_to_et,45,0.2222,0.4204,0.3333,0.4767
zh_to_fa,45,0.4,0.4954,0.4889,0.5055
zh_to_fi,45,0.4,0.4954,0.3333,0.4767
zh_to_fr,45,0.4222,0.4995,0.4667,0.5045
zh_to_ga,45,0.4222,0.4995,0.3556,0.4841
zh_to_he,45,0.4444,0.5025,0.3111,0.4682
zh_to_hi,45,0.5111,0.5055,0.4667,0.5045
zh_to_hr,45,0.4667,0.5045,0.3556,0.4841
zh_to_hu,45,0.2667,0.4472,0.2889,0.4584
zh_to_id,45,0.4222,0.4995,0.5111,0.5055
zh_to_is,45,0.2222,0.4204,0.4444,0.5025
zh_to_it,45,0.5111,0.5055,0.6222,0.4903
zh_to_ja,45,0.5111,0.5055,0.3556,0.4841
zh_to_ka,45,0.2889,0.4584,0.3556,0.4841
zh_to_ko,45,0.4667,0.5045,0.3778,0.4903
zh_to_lt,45,0.3778,0.4903,0.2889,0.4584
zh_to_lv,45,0.3333,0.4767,0.3111,0.4682
zh_to_ms,45,0.4,0.4954,0.3556,0.4841
zh_to_mt,45,0.3111,0.4682,0.4222,0.4995
zh_to_nl,45,0.3778,0.4903,0.4,0.4954
zh_to_no,45,0.4,0.4954,0.4222,0.4995
zh_to_pl,45,0.4667,0.5045,0.4889,0.5055
zh_to_pt,45,0.5333,0.5045,0.4667,0.5045
zh_to_ro,45,0.4444,0.5025,0.3778,0.4903
zh_to_ru,45,0.4222,0.4995,0.5333,0.5045
zh_to_sk,45,0.5333,0.5045,0.2444,0.4346
zh_to_sl,45,0.3778,0.4903,0.5111,0.5055
zh_to_sr,45,0.4222,0.4995,0.3333,0.4767
zh_to_sv,45,0.4444,0.5025,0.4222,0.4995
zh_to_sw,45,0.3556,0.4841,0.2667,0.4472
zh_to_ta,45,0.4444,0.5025,0.4667,0.5045
zh_to_th,45,0.4889,0.5055,0.4222,0.4995
zh_to_tl,45,0.5111,0.5055,0.5333,0.5045
zh_to_tr,45,0.4444,0.5025,0.3333,0.4767
zh_to_uk,45,0.4222,0.4995,0.3778,0.4903
zh_to_uz,45,0.4,0.4954,0.2444,0.4346
zh_to_vi,45,0.2444,0.4346,0.3556,0.4841
